exchange,stock_symbol,date,dividends
NASDAQ,AMTD,1/25/2006,6
NASDAQ,AHGP,11/9/2009,0.44
NASDAQ,AHGP,8/10/2009,0.428
NASDAQ,AHGP,5/11/2009,0.415
NASDAQ,AHGP,2/10/2009,0.403
NASDAQ,AHGP,11/7/2008,0.39
NASDAQ,AHGP,8/8/2008,0.353
NASDAQ,AHGP,5/9/2008,0.288
NASDAQ,AHGP,2/8/2008,0.288
NASDAQ,AHGP,11/7/2007,0.265
NASDAQ,AHGP,8/8/2007,0.265
NASDAQ,AHGP,5/9/2007,0.25
NASDAQ,AHGP,2/7/2007,0.25
NASDAQ,AHGP,11/7/2006,0.215
NASDAQ,AHGP,8/9/2006,0.215
NASDAQ,ALEX,11/3/2009,0.315
NASDAQ,ALEX,8/4/2009,0.315
NASDAQ,ALEX,5/12/2009,0.315
NASDAQ,ALEX,2/11/2009,0.315
NASDAQ,ALEX,11/4/2008,0.315
NASDAQ,AFCE,6/6/2005,12
NASDAQ,ASRVP,12/28/2009,0.528
NASDAQ,ASRVP,9/25/2009,0.528
NASDAQ,ASRVP,6/25/2009,0.528
NASDAQ,ASRVP,3/26/2009,0.528
NASDAQ,ASRVP,12/26/2008,0.528
NASDAQ,ASRVP,9/25/2008,0.528
NASDAQ,ASRVP,6/25/2008,0.528
NASDAQ,ASRVP,3/26/2008,0.528
NASDAQ,ASRVP,12/26/2007,0.528
NASDAQ,ASRVP,9/26/2007,0.528
NASDAQ,ASRVP,6/27/2007,0.528
NASDAQ,ASRVP,3/28/2007,0.528
NASDAQ,ASRVP,12/26/2006,0.528
NASDAQ,ASRVP,9/27/2006,0.528
NASDAQ,ASRVP,6/28/2006,0.528
NASDAQ,ASRVP,3/28/2006,0.528
NASDAQ,ASRVP,12/28/2005,0.528
NASDAQ,ASRVP,9/27/2005,0.528
NASDAQ,ASRVP,6/27/2005,0.528
NASDAQ,ASRVP,3/28/2005,0.528
NASDAQ,ASRVP,12/28/2004,0.528
NASDAQ,ASRVP,9/27/2004,0.528
NASDAQ,ASRVP,6/25/2004,0.528
NASDAQ,ASRVP,3/26/2004,0.528
NASDAQ,ASRVP,12/26/2003,0.528
NASDAQ,ASRVP,9/25/2003,0.528
NASDAQ,ASRVP,6/25/2003,0.528
NASDAQ,ASRVP,3/26/2003,0.528
NASDAQ,ASRVP,12/26/2002,0.528
NASDAQ,ASRVP,9/25/2002,0.528
NASDAQ,ASRVP,6/26/2002,0.528
NASDAQ,ASRVP,3/26/2002,0.528
NASDAQ,ASRVP,12/26/2001,0.528
NASDAQ,ASRVP,9/26/2001,0.528
NASDAQ,ASRVP,6/27/2001,0.528
NASDAQ,ASRVP,3/28/2001,0.528
NASDAQ,ASRVP,12/27/2000,0.528
NASDAQ,ASRVP,9/27/2000,0.528
NASDAQ,ASRVP,6/27/2000,0.528
NASDAQ,ASRVP,3/28/2000,0.528
NASDAQ,ASRVP,12/28/1999,0.528
NASDAQ,ASRVP,9/28/1999,0.528
NASDAQ,ACXM,8/19/2008,0.06
NASDAQ,ACXM,5/30/2008,0.06
NASDAQ,ACXM,2/21/2008,0.06
NASDAQ,ACXM,11/1/2007,0.06
NASDAQ,ACXM,2/8/2007,0.06
NASDAQ,ACXM,11/9/2006,0.06
NASDAQ,ACXM,8/10/2006,0.05
NASDAQ,ACXM,6/8/2006,0.05
NASDAQ,ACXM,2/15/2006,0.05
NASDAQ,ACXM,11/9/2005,0.05
NASDAQ,ACXM,8/11/2005,0.05
NASDAQ,ACXM,6/2/2005,0.05
NASDAQ,ACXM,2/10/2005,0.05
NASDAQ,ACXM,11/4/2004,0.04
NASDAQ,ACXM,8/5/2004,0.04
NASDAQ,ACXM,6/3/2004,0.04
NASDAQ,ACXM,2/11/2004,0.04
NASDAQ,ASFN,7/30/2008,0.03
NASDAQ,ASFN,4/29/2008,0.03
NASDAQ,ASFN,1/30/2008,0.03
NASDAQ,AMFI,8/28/2008,0.185
NASDAQ,AMFI,8/12/2008,0.051
NASDAQ,AMFI,5/28/2008,0.185
NASDAQ,AMFI,2/27/2008,0.185
NASDAQ,AMFI,11/28/2007,0.185
NASDAQ,AMFI,8/29/2007,0.185
NASDAQ,AMFI,5/30/2007,0.185
NASDAQ,AMFI,2/27/2007,0.185
NASDAQ,AMFI,11/29/2006,0.185
NASDAQ,AMFI,8/30/2006,0.185
NASDAQ,AMFI,5/30/2006,0.185
NASDAQ,AMFI,2/27/2006,0.185
NASDAQ,AMFI,11/29/2005,0.17
NASDAQ,AMFI,8/30/2005,0.17
NASDAQ,AMFI,5/27/2005,0.17
NASDAQ,AMFI,2/25/2005,0.17
NASDAQ,AMFI,11/29/2004,0.17
NASDAQ,AMFI,8/30/2004,0.17
NASDAQ,AMFI,5/27/2004,0.17
NASDAQ,AMFI,2/26/2004,0.17
NASDAQ,AMFI,11/26/2003,0.17
NASDAQ,AMFI,8/28/2003,0.17
NASDAQ,AMFI,5/29/2003,0.16
NASDAQ,AMFI,2/27/2003,0.16
NASDAQ,AMFI,11/27/2002,0.16
NASDAQ,AMFI,8/29/2002,0.16
NASDAQ,AMFI,5/30/2002,0.16
NASDAQ,AMFI,2/27/2002,0.16
NASDAQ,AMFI,11/29/2001,0.16
NASDAQ,AMFI,8/29/2001,0.16
NASDAQ,AMFI,5/30/2001,0.16
NASDAQ,AMFI,2/23/2001,0.16
NASDAQ,AMFI,11/29/2000,0.16
NASDAQ,AMFI,8/30/2000,0.16
NASDAQ,AMFI,5/31/2000,0.16
NASDAQ,AMFI,3/1/2000,0.16
NASDAQ,AMFI,12/1/1999,0.14
NASDAQ,AMFI,9/1/1999,0.14
NASDAQ,AMFI,6/2/1999,0.14
NASDAQ,AMFI,3/2/1999,0.14
NASDAQ,AMFI,12/2/1998,0.14
NASDAQ,AMFI,9/2/1998,0.14
NASDAQ,AMFI,6/2/1998,0.14
NASDAQ,AMFI,3/2/1998,0.12
NASDAQ,AMFI,12/2/1997,0.12
NASDAQ,AMFI,9/3/1997,0.12
NASDAQ,AMFI,6/3/1997,0.10667
NASDAQ,AMFI,3/4/1997,0.10667
NASDAQ,AMFI,12/3/1996,0.10667
NASDAQ,AMFI,9/4/1996,0.10667
NASDAQ,AMFI,6/4/1996,0.10667
NASDAQ,AMFI,3/4/1996,0.10667
NASDAQ,AMFI,11/22/1995,0.1
NASDAQ,AMFI,9/5/1995,0.1
NASDAQ,AMFI,5/24/1995,0.1
NASDAQ,AMFI,2/22/1995,0.1
NASDAQ,AMFI,11/21/1994,0.1
NASDAQ,AMFI,9/2/1994,0.1
NASDAQ,AMFI,5/24/1994,0.09
NASDAQ,AMFI,2/22/1994,0.09
NASDAQ,AMFI,11/23/1993,0.08
NASDAQ,AMFI,8/25/1993,0.08
NASDAQ,AMFI,5/24/1993,0.07111
NASDAQ,AMFI,2/22/1993,0.07111
NASDAQ,AMFI,11/23/1992,0.07111
NASDAQ,AMFI,8/25/1992,0.06222
NASDAQ,AMFI,5/22/1992,0.06222
NASDAQ,AMFI,5/11/1992,0.87778
NASDAQ,AMFI,2/24/1992,0.06222
NASDAQ,AMFI,11/22/1991,0.06222
NASDAQ,AMFI,8/26/1991,0.06222
NASDAQ,AMFI,5/24/1991,0.06222
NASDAQ,AMFI,2/22/1991,0.05555
NASDAQ,AMFI,11/26/1990,0.05555
NASDAQ,AMFI,8/27/1990,0.05555
NASDAQ,AMFI,5/24/1990,0.05555
NASDAQ,AMFI,3/6/1990,0.05555
NASDAQ,AMFI,11/30/1989,0.05555
NASDAQ,AMFI,8/29/1989,0.05555
NASDAQ,AMFI,5/24/1989,0.05555
NASDAQ,AMFI,2/22/1989,0.05555
NASDAQ,AMFI,11/23/1988,0.04889
NASDAQ,AMFI,8/26/1988,0.04445
NASDAQ,AMFI,5/24/1988,0.04445
NASDAQ,AMFI,2/23/1988,0.04445
NASDAQ,AMFI,11/21/1986,0.04
NASDAQ,AMFI,8/26/1986,0.04
NASDAQ,AMFI,6/3/1986,0.02
NASDAQ,AMPL,12/13/1995,0.21
NASDAQ,APFC,12/24/2003,0.105
NASDAQ,AMNB,12/2/2009,0.23
NASDAQ,AMNB,9/2/2009,0.23
NASDAQ,AMNB,6/3/2009,0.23
NASDAQ,AMNB,3/4/2009,0.23
NASDAQ,AMNB,12/3/2008,0.23
NASDAQ,AMNB,9/3/2008,0.23
NASDAQ,AMNB,6/4/2008,0.23
NASDAQ,AMNB,3/5/2008,0.23
NASDAQ,AMNB,12/5/2007,0.23
NASDAQ,AMNB,9/5/2007,0.23
NASDAQ,AMNB,6/6/2007,0.23
NASDAQ,AMNB,3/5/2007,0.22
NASDAQ,AMNB,12/4/2006,0.22
NASDAQ,AMNB,9/6/2006,0.22
NASDAQ,AMNB,6/7/2006,0.22
NASDAQ,AMNB,3/8/2006,0.21
NASDAQ,AMNB,11/30/2005,0.21
NASDAQ,AMNB,9/7/2005,0.21
NASDAQ,AMNB,6/8/2005,0.21
NASDAQ,AMNB,3/9/2005,0.2
NASDAQ,AMNB,12/1/2004,0.2
NASDAQ,AMNB,9/8/2004,0.2
NASDAQ,AMNB,6/9/2004,0.2
NASDAQ,AMNB,3/8/2004,0.19
NASDAQ,AMNB,12/3/2003,0.19
NASDAQ,AMNB,9/3/2003,0.19
NASDAQ,AMNB,6/4/2003,0.19
NASDAQ,AMNB,3/5/2003,0.18
NASDAQ,AMNB,12/4/2002,0.18
NASDAQ,AMNB,9/4/2002,0.18
NASDAQ,AMNB,6/5/2002,0.18
NASDAQ,AMNB,3/6/2002,0.17
NASDAQ,AMNB,12/5/2001,0.17
NASDAQ,AMNB,9/5/2001,0.17
NASDAQ,AMNB,6/6/2001,0.17
NASDAQ,AMNB,3/7/2001,0.15
NASDAQ,AMNB,12/6/2000,0.15
NASDAQ,AMNB,9/6/2000,0.15
NASDAQ,AMNB,6/7/2000,0.15
NASDAQ,AMNB,3/8/2000,0.135
NASDAQ,AMNB,12/1/1999,0.135
NASDAQ,AMNB,9/8/1999,0.135
NASDAQ,AMNB,6/9/1999,0.135
NASDAQ,ABCB,6/26/2009,0.04962
NASDAQ,ABCB,3/27/2009,0.04962
NASDAQ,ABCB,12/24/2008,0.04962
NASDAQ,ABCB,9/26/2008,0.04962
NASDAQ,ABCB,6/26/2008,0.13893
NASDAQ,ABCB,3/27/2008,0.13893
NASDAQ,ABCB,12/27/2007,0.13893
NASDAQ,ABCB,9/26/2007,0.13893
NASDAQ,ABCB,6/27/2007,0.13893
NASDAQ,ABCB,3/28/2007,0.13893
NASDAQ,ABCB,12/26/2006,0.13893
NASDAQ,ABCB,9/27/2006,0.13893
NASDAQ,ABCB,6/28/2006,0.13893
NASDAQ,ABCB,3/29/2006,0.13893
NASDAQ,ABCB,12/28/2005,0.13893
NASDAQ,ABCB,9/28/2005,0.13893
NASDAQ,ABCB,6/28/2005,0.13893
NASDAQ,ABCB,3/29/2005,0.13893
NASDAQ,ABCB,12/29/2004,0.11578
NASDAQ,ABCB,9/28/2004,0.11578
NASDAQ,ABCB,6/28/2004,0.11578
NASDAQ,ABCB,3/29/2004,0.11578
NASDAQ,ABCB,12/29/2003,0.11578
NASDAQ,ABCB,9/26/2003,0.11578
NASDAQ,ABCB,6/26/2003,0.09924
NASDAQ,ABCB,3/27/2003,0.09924
NASDAQ,ABCB,12/27/2002,0.09924
NASDAQ,ABCB,9/26/2002,0.09924
NASDAQ,ABCB,7/1/2002,0.09924
NASDAQ,ABCB,3/26/2002,0.09924
NASDAQ,ABCB,12/27/2001,0.09924
NASDAQ,ABCB,9/26/2001,0.09924
NASDAQ,ABCB,6/27/2001,0.09924
NASDAQ,ABCB,3/28/2001,0.09924
NASDAQ,ABCB,12/27/2000,0.09924
NASDAQ,ABCB,9/29/2000,0.09924
NASDAQ,ABCB,6/28/2000,0.09924
NASDAQ,ABCB,3/29/2000,0.08269
NASDAQ,ABCB,12/29/1999,0.08269
NASDAQ,ABCB,9/28/1999,0.06891
NASDAQ,ABCB,6/28/1999,0.06891
NASDAQ,ABCB,3/29/1999,0.06891
NASDAQ,ABCB,12/29/1998,0.06891
NASDAQ,ABCB,9/28/1998,0.06891
NASDAQ,ABCB,6/26/1998,0.06891
NASDAQ,ABCB,12/29/1997,0.06891
NASDAQ,ABCB,9/26/1997,0.06891
NASDAQ,ABCB,6/26/1997,0.06891
NASDAQ,ABCB,3/26/1997,0.05514
NASDAQ,ABCB,12/20/1996,0.05514
NASDAQ,ABCB,9/26/1996,0.05514
NASDAQ,ABCB,6/18/1996,0.05514
NASDAQ,ABCB,3/27/1996,0.05514
NASDAQ,ABCB,12/27/1995,0.05514
NASDAQ,ABCB,9/28/1995,0.05514
NASDAQ,ABCB,6/28/1995,0.04135
NASDAQ,ABCB,3/27/1995,0.04135
NASDAQ,ABCB,12/23/1994,0.03928
NASDAQ,ABCB,9/26/1994,0.03928
NASDAQ,ABCB,7/11/1994,0.03928
NASDAQ,AEPI,9/20/1995,0.025
NASDAQ,AEPI,6/21/1995,0.025
NASDAQ,AEPI,3/20/1995,0.025
NASDAQ,AEPI,12/19/1994,0.02
NASDAQ,AEPI,9/19/1994,0.02
NASDAQ,AEPI,6/20/1994,0.02
NASDAQ,AEPI,3/21/1994,0.02
NASDAQ,AEPI,12/17/1993,0.01667
NASDAQ,AEPI,9/20/1993,0.01667
NASDAQ,AEPI,6/21/1993,0.00467
NASDAQ,AMWD,12/3/2009,0.09
NASDAQ,AMWD,9/10/2009,0.09
NASDAQ,AMWD,6/12/2009,0.09
NASDAQ,AMWD,3/9/2009,0.09
NASDAQ,AMWD,12/4/2008,0.09
NASDAQ,AMWD,9/4/2008,0.09
NASDAQ,AMWD,6/4/2008,0.09
NASDAQ,AMWD,3/10/2008,0.09
NASDAQ,AMWD,12/3/2007,0.09
NASDAQ,AMWD,9/5/2007,0.09
NASDAQ,AMWD,6/1/2007,0.06
NASDAQ,AMWD,3/14/2007,0.06
NASDAQ,AMWD,11/29/2006,0.06
NASDAQ,AMWD,9/13/2006,0.06
NASDAQ,AMWD,6/13/2006,0.03
NASDAQ,AMWD,3/15/2006,0.03
NASDAQ,AMWD,12/1/2005,0.03
NASDAQ,AMWD,9/7/2005,0.03
NASDAQ,AMWD,6/2/2005,0.03
NASDAQ,AMWD,3/8/2005,0.03
NASDAQ,AMWD,11/26/2004,0.03
NASDAQ,AMWD,9/8/2004,0.03
NASDAQ,AMWD,6/4/2004,0.025
NASDAQ,AMWD,3/4/2004,0.025
NASDAQ,AMWD,12/4/2003,0.025
NASDAQ,AMWD,9/11/2003,0.025
NASDAQ,AMWD,6/10/2003,0.025
NASDAQ,AMWD,3/4/2003,0.025
NASDAQ,AMWD,12/5/2002,0.025
NASDAQ,AMWD,9/16/2002,0.025
NASDAQ,AMWD,6/13/2002,0.025
NASDAQ,AMWD,3/14/2002,0.025
NASDAQ,AMWD,12/17/2001,0.025
NASDAQ,AMWD,5/29/2001,0.025
NASDAQ,AMWD,3/8/2001,0.025
NASDAQ,AMWD,12/11/2000,0.025
NASDAQ,AMWD,9/13/2000,0.025
NASDAQ,AMWD,6/9/2000,0.025
NASDAQ,AMWD,3/13/2000,0.025
NASDAQ,AMWD,12/20/1999,0.025
NASDAQ,AMWD,9/8/1999,0.025
NASDAQ,AMWD,6/9/1999,0.02
NASDAQ,AMWD,2/10/1999,0.02
NASDAQ,AMWD,12/18/1998,0.02
NASDAQ,AMWD,9/9/1998,0.02
NASDAQ,AMWD,6/11/1998,0.015
NASDAQ,AMWD,3/18/1998,0.015
NASDAQ,AMWD,11/26/1997,0.015
NASDAQ,AMWD,9/15/1997,0.015
NASDAQ,AMWD,6/11/1997,0.01
NASDAQ,AMWD,3/5/1997,0.01
NASDAQ,AMWD,12/11/1996,0.01
NASDAQ,AMWD,9/11/1996,0.0025
NASDAQ,ANLY,7/26/2001,0.01
NASDAQ,ANLY,4/26/2001,0.03
NASDAQ,ANLY,1/29/2001,0.06
NASDAQ,ANLY,10/27/2000,0.1
NASDAQ,ANLY,7/27/2000,0.1
NASDAQ,ANLY,4/26/2000,0.1
NASDAQ,ANLY,1/27/2000,0.1
NASDAQ,ANLY,10/27/1999,0.1
NASDAQ,ANLY,7/28/1999,0.1
NASDAQ,ANLY,4/28/1999,0.1
NASDAQ,ANLY,1/27/1999,0.1
NASDAQ,ANLY,10/28/1998,0.1
NASDAQ,ANLY,7/29/1998,0.08
NASDAQ,ANLY,4/28/1998,0.08
NASDAQ,ANLY,1/28/1998,0.08
NASDAQ,ANLY,10/29/1997,0.07333
NASDAQ,ANLY,7/29/1997,0.06
NASDAQ,ANLY,4/28/1997,0.06
NASDAQ,ANLY,1/29/1997,0.06
NASDAQ,ANLY,10/29/1996,0.06
NASDAQ,ANLY,7/29/1996,0.05
NASDAQ,ANLY,4/26/1996,0.05
NASDAQ,ANLY,1/29/1996,0.05
NASDAQ,ANLY,10/27/1995,0.05
NASDAQ,ANLY,7/27/1995,0.04333
NASDAQ,ANLY,4/25/1995,0.04333
NASDAQ,ANLY,1/25/1995,0.04333
NASDAQ,ANLY,10/25/1994,0.04333
NASDAQ,ANLY,7/25/1994,0.04
NASDAQ,ANLY,4/26/1994,0.04
NASDAQ,ANLY,1/25/1994,0.04
NASDAQ,ANLY,10/25/1993,0.04
NASDAQ,ANLY,7/26/1993,0.03333
NASDAQ,ANLY,4/26/1993,0.03333
NASDAQ,ANLY,1/25/1993,0.03333
NASDAQ,ANLY,10/26/1992,0.03333
NASDAQ,ANLY,7/27/1992,0.03111
NASDAQ,ANLY,4/24/1992,0.03111
NASDAQ,ANLY,1/27/1992,0.03111
NASDAQ,ANLY,10/25/1991,0.03111
NASDAQ,ANLY,7/25/1991,0.03111
NASDAQ,ANLY,4/24/1991,0.03111
NASDAQ,ANLY,1/25/1991,0.03111
NASDAQ,ANLY,10/25/1990,0.03111
NASDAQ,ANLY,7/25/1990,0.02667
NASDAQ,ANLY,4/25/1990,0.02667
NASDAQ,ANLY,1/25/1990,0.02667
NASDAQ,ANLY,10/25/1989,0.02667
NASDAQ,ANLY,6/28/1989,0.02133
NASDAQ,ANLY,4/25/1989,0.02133
NASDAQ,ANLY,1/25/1989,0.02133
NASDAQ,ANLY,10/25/1988,0.02133
NASDAQ,ANLY,7/20/1988,0.02667
NASDAQ,ANLY,12/24/1987,0.02667
NASDAQ,AUBN,12/8/2009,0.19
NASDAQ,AUBN,9/8/2009,0.19
NASDAQ,AUBN,6/8/2009,0.19
NASDAQ,AUBN,3/6/2009,0.19
NASDAQ,AUBN,12/8/2008,0.185
NASDAQ,AUBN,9/8/2008,0.185
NASDAQ,AUBN,6/6/2008,0.185
NASDAQ,AUBN,3/6/2008,0.185
NASDAQ,AUBN,12/6/2007,0.175
NASDAQ,AUBN,9/6/2007,0.175
NASDAQ,AUBN,6/6/2007,0.175
NASDAQ,AUBN,3/7/2007,0.175
NASDAQ,AUBN,12/6/2006,0.16
NASDAQ,AUBN,9/6/2006,0.16
NASDAQ,AUBN,6/7/2006,0.16
NASDAQ,AUBN,3/8/2006,0.16
NASDAQ,AUBN,12/7/2005,0.145
NASDAQ,AUBN,9/7/2005,0.145
NASDAQ,AUBN,6/8/2005,0.145
NASDAQ,AUBN,3/8/2005,0.145
NASDAQ,AUBN,12/8/2004,0.125
NASDAQ,AUBN,9/8/2004,0.125
NASDAQ,AUBN,6/8/2004,0.125
NASDAQ,AUBN,3/8/2004,0.125
NASDAQ,AUBN,12/8/2003,0.12
NASDAQ,AUBN,9/8/2003,0.12
NASDAQ,AUBN,6/6/2003,0.12
NASDAQ,AUBN,3/6/2003,0.12
NASDAQ,AUBN,12/6/2002,0.11
NASDAQ,AUBN,9/6/2002,0.11
NASDAQ,AUBN,6/6/2002,0.11
NASDAQ,AUBN,3/7/2002,0.11
NASDAQ,AUBN,12/6/2001,0.1
NASDAQ,AUBN,9/6/2001,0.1
NASDAQ,AUBN,6/6/2001,0.1
NASDAQ,AUBN,3/7/2001,0.1
NASDAQ,AUBN,12/12/2000,0.1
NASDAQ,AUBN,9/6/2000,0.1
NASDAQ,AUBN,6/7/2000,0.1
NASDAQ,AUBN,3/8/2000,0.1
NASDAQ,AUBN,12/8/1999,0.1
NASDAQ,AUBN,9/8/1999,0.1
NASDAQ,AUBN,6/8/1999,0.06
NASDAQ,AUBN,3/8/1999,0.06
NASDAQ,AUBN,12/8/1998,0.048
NASDAQ,AUBN,9/8/1998,0.048
NASDAQ,AUBN,6/8/1998,0.04667
NASDAQ,AUBN,3/6/1998,0.04
NASDAQ,AUBN,12/8/1997,0.04
NASDAQ,AUBN,9/11/1997,0.04
NASDAQ,AUBN,6/10/1997,0.04
NASDAQ,AUBN,3/17/1997,0.04
NASDAQ,AUBN,12/6/1996,0.03667
NASDAQ,AUBN,9/6/1996,0.03667
NASDAQ,AUBN,3/20/1996,0.03333
NASDAQ,ALDA,5/28/2008,0.15
NASDAQ,ALDA,3/31/2008,0.15
NASDAQ,ALDA,3/11/2008,5
NASDAQ,ALDA,11/27/2007,0.15
NASDAQ,ALDA,8/27/2007,0.15
NASDAQ,ALDA,5/31/2007,0.15
NASDAQ,ALDA,4/4/2007,0.15
NASDAQ,ALDA,11/30/2006,0.15
NASDAQ,ALDA,8/21/2006,0.15
NASDAQ,ALDA,6/1/2006,0.15
NASDAQ,ALDA,3/30/2006,0.15
NASDAQ,ALDA,11/30/2005,1.15
NASDAQ,ALDA,8/31/2005,0.15
NASDAQ,ALDA,6/3/2005,0.1
NASDAQ,ALDA,3/23/2005,0.05
NASDAQ,ALDA,11/29/2004,0.05
NASDAQ,ALDA,8/30/2004,0.05
NASDAQ,ALDA,5/27/2004,0.05
NASDAQ,ALOY,12/20/2005,16.6
NASDAQ,AFSI,12/30/2009,0.06
NASDAQ,AFSI,9/29/2009,0.06
NASDAQ,AFSI,6/29/2009,0.06
NASDAQ,AFSI,3/30/2009,0.05
NASDAQ,AFSI,12/29/2008,0.05
NASDAQ,AFSI,9/30/2008,0.05
NASDAQ,AFSI,6/27/2008,0.04
NASDAQ,AFSI,3/28/2008,0.04
NASDAQ,AFSI,12/28/2007,0.04
NASDAQ,AFSI,9/27/2007,0.025
NASDAQ,AFSI,6/28/2007,0.025
NASDAQ,AFSI,3/29/2007,0.02
NASDAQ,AFSI,12/28/2006,0.02
NASDAQ,ADP,12/9/2009,0.34
NASDAQ,ADP,9/9/2009,0.33
NASDAQ,ADP,6/10/2009,0.33
NASDAQ,ADP,3/11/2009,0.33
NASDAQ,ADP,12/10/2008,0.33
NASDAQ,ADP,9/10/2008,0.29
NASDAQ,ADP,6/11/2008,0.29
NASDAQ,ADP,3/12/2008,0.29
NASDAQ,ADP,12/12/2007,0.29
NASDAQ,ADP,9/12/2007,0.23
NASDAQ,ADP,6/13/2007,0.23
NASDAQ,ADP,4/2/2007,4.925
NASDAQ,ADP,3/7/2007,0.23
NASDAQ,ADP,12/6/2006,0.23
NASDAQ,ADP,9/13/2006,0.185
NASDAQ,ADP,6/7/2006,0.185
NASDAQ,ADP,3/8/2006,0.185
NASDAQ,ADP,12/7/2005,0.185
NASDAQ,ADP,9/7/2005,0.155
NASDAQ,ADP,6/8/2005,0.155
NASDAQ,ADP,3/10/2005,0.155
NASDAQ,ADP,12/8/2004,0.155
NASDAQ,ADP,9/8/2004,0.14
NASDAQ,ADP,6/9/2004,0.14
NASDAQ,ADP,3/11/2004,0.14
NASDAQ,ADP,12/10/2003,0.14
NASDAQ,ADP,9/10/2003,0.12
NASDAQ,ADP,6/11/2003,0.12
NASDAQ,ADP,3/12/2003,0.12
NASDAQ,ADP,12/11/2002,0.12
NASDAQ,ADP,9/11/2002,0.115
NASDAQ,ADP,6/12/2002,0.115
NASDAQ,ADP,3/13/2002,0.115
NASDAQ,ADP,12/12/2001,0.115
NASDAQ,ADP,6/6/2001,0.103
NASDAQ,ADP,3/7/2001,0.103
NASDAQ,ADP,12/7/2000,0.103
NASDAQ,ADP,9/13/2000,0.088
NASDAQ,ADP,6/7/2000,0.088
NASDAQ,ADP,3/8/2000,0.088
NASDAQ,ADP,12/8/1999,0.088
NASDAQ,ADP,9/8/1999,0.076
NASDAQ,ADP,6/9/1999,0.075
NASDAQ,ADP,3/10/1999,0.075
NASDAQ,ADP,12/9/1998,0.076
NASDAQ,ADP,9/9/1998,0.066
NASDAQ,ADP,6/10/1998,0.066
NASDAQ,ADP,3/11/1998,0.066
NASDAQ,ADP,12/10/1997,0.066
NASDAQ,ADP,9/10/1997,0.0575
NASDAQ,ADP,6/11/1997,0.0575
NASDAQ,ADP,3/12/1997,0.0575
NASDAQ,ADP,12/11/1996,0.0575
NASDAQ,ADP,9/11/1996,0.05
NASDAQ,ADP,6/12/1996,0.05
NASDAQ,ADP,3/13/1996,0.05
NASDAQ,ADP,12/13/1995,0.05
NASDAQ,ADP,9/13/1995,0.04375
NASDAQ,ADP,6/14/1995,0.04375
NASDAQ,ADP,3/13/1995,0.0375
NASDAQ,ADP,12/12/1994,0.0375
NASDAQ,ADP,9/12/1994,0.0375
NASDAQ,ADP,6/7/1994,0.0375
NASDAQ,ADP,3/8/1994,0.0325
NASDAQ,ADP,12/6/1993,0.0325
NASDAQ,ADP,9/7/1993,0.0325
NASDAQ,ADP,6/8/1993,0.0325
NASDAQ,ADP,3/8/1993,0.02875
NASDAQ,ADP,12/7/1992,0.02875
NASDAQ,ADP,9/8/1992,0.02875
NASDAQ,ADP,6/2/1992,0.02875
NASDAQ,ADP,3/10/1992,0.025
NASDAQ,ADP,12/10/1991,0.025
NASDAQ,ADP,9/10/1991,0.025
NASDAQ,ADP,6/11/1991,0.025
NASDAQ,ADP,3/12/1991,0.02187
NASDAQ,ADP,12/11/1990,0.02187
NASDAQ,ADP,9/11/1990,0.02187
NASDAQ,ADP,6/14/1990,0.02187
NASDAQ,ADP,3/13/1990,0.01875
NASDAQ,ADP,12/12/1989,0.01875
NASDAQ,ADP,9/12/1989,0.01875
NASDAQ,ADP,6/13/1989,0.01875
NASDAQ,ADP,3/14/1989,0.01625
NASDAQ,ADP,12/12/1988,0.01625
NASDAQ,ADP,9/13/1988,0.01625
NASDAQ,ADP,6/14/1988,0.01625
NASDAQ,ADP,3/15/1988,0.01375
NASDAQ,ADP,12/14/1987,0.01375
NASDAQ,ADP,9/14/1987,0.01375
NASDAQ,ADP,6/15/1987,0.01375
NASDAQ,ADP,1/27/1987,0.01188
NASDAQ,ADP,12/11/1986,0.01188
NASDAQ,ADP,9/15/1986,0.01188
NASDAQ,ADP,6/13/1986,0.01188
NASDAQ,ADP,3/17/1986,0.01063
NASDAQ,ADP,12/10/1985,0.01063
NASDAQ,ADP,9/12/1985,0.01063
NASDAQ,ADP,6/11/1985,0.01063
NASDAQ,ADP,3/12/1985,0.00968
NASDAQ,ADP,12/11/1984,0.00968
NASDAQ,ADP,9/11/1984,0.00968
NASDAQ,ADP,6/12/1984,0.00968
NASDAQ,ADP,3/13/1984,0.00875
NASDAQ,ADP,12/12/1983,0.00875
NASDAQ,ADP,9/12/1983,0.00875
NASDAQ,ADP,6/14/1983,0.00875
NASDAQ,ALBY,4/15/2008,0.02
NASDAQ,ALBY,12/12/2007,0.02
NASDAQ,ALBY,9/12/2007,0.02
NASDAQ,ALBY,6/13/2007,0.02
NASDAQ,ALBY,3/13/2007,0.02
NASDAQ,ALBY,12/13/2006,0.02
NASDAQ,ALBY,9/13/2006,0.02
NASDAQ,ALBY,6/13/2006,0.02
NASDAQ,ALBY,3/13/2006,0.02
NASDAQ,ALBY,12/13/2005,0.02
NASDAQ,ALBY,9/13/2005,0.02
NASDAQ,ALBY,6/13/2005,0.02
NASDAQ,ALBY,3/11/2005,0.02
NASDAQ,ALBY,12/13/2004,0.02
NASDAQ,ALBY,9/13/2004,0.02
NASDAQ,ALBY,6/14/2004,0.02
NASDAQ,ALBY,3/11/2004,0.02
NASDAQ,ALBY,12/12/2003,0.02
NASDAQ,ALBY,9/25/2003,0.02
NASDAQ,ALBY,6/6/2003,0.02
NASDAQ,ACWI,12/22/2009,0.28
NASDAQ,ACWI,6/23/2009,0.266
NASDAQ,AMOV,7/21/2009,0.448
NASDAQ,AMOV,7/22/2008,0.503
NASDAQ,AMOV,11/1/2007,1.862
NASDAQ,AMOV,7/24/2007,0.369
NASDAQ,AMOV,7/21/2006,0.178
NASDAQ,AMOV,3/20/2006,0.033
NASDAQ,AMOV,12/20/2005,0.59
NASDAQ,AMOV,9/20/2005,0.097
NASDAQ,AMOV,6/21/2005,0.03233
NASDAQ,AMOV,3/18/2005,0.01767
NASDAQ,AMOV,12/20/2004,0.01733
NASDAQ,AMOV,9/20/2004,0.01767
NASDAQ,AMOV,6/21/2004,0.01767
NASDAQ,AMOV,3/22/2004,0.009
NASDAQ,AMOV,12/19/2003,0.00933
NASDAQ,AMOV,9/22/2003,0.00933
NASDAQ,AMOV,6/23/2003,0.00967
NASDAQ,AMOV,3/24/2003,0.007
NASDAQ,AMOV,9/23/2002,0.00733
NASDAQ,AMOV,6/24/2002,0.00767
NASDAQ,AMOV,3/25/2002,0.00733
NASDAQ,AMOV,12/21/2001,0.00733
NASDAQ,AMOV,6/25/2001,0.00733
NASDAQ,ASMI,8/1/2007,0.137
NASDAQ,ACME,2/22/2007,0.5
NASDAQ,APSA,11/12/2009,0.751
NASDAQ,APSA,11/5/2008,0.912
NASDAQ,APSA,11/7/2007,0.91
NASDAQ,APSA,11/24/2006,0.782
NASDAQ,APSA,12/19/2005,0.495
NASDAQ,APSA,11/12/2004,0.312
NASDAQ,APSA,11/25/2003,0.199
NASDAQ,AMSWA,11/17/2009,0.09
NASDAQ,AMSWA,8/19/2009,0.09
NASDAQ,AMSWA,5/13/2009,0.09
NASDAQ,AMSWA,2/18/2009,0.09
NASDAQ,AMSWA,11/6/2008,0.09
NASDAQ,AMSWA,8/20/2008,0.09
NASDAQ,AMSWA,5/14/2008,0.09
NASDAQ,AMSWA,2/20/2008,0.09
NASDAQ,AMSWA,11/7/2007,0.09
NASDAQ,AMSWA,8/17/2007,0.08
NASDAQ,AMSWA,5/16/2007,0.08
NASDAQ,AMSWA,2/21/2007,0.08
NASDAQ,AMSWA,11/16/2006,0.08
NASDAQ,AMSWA,8/17/2006,0.07
NASDAQ,AMSWA,5/17/2006,0.07
NASDAQ,AMSWA,2/15/2006,0.07
NASDAQ,AMSWA,11/16/2005,0.07
NASDAQ,AMSWA,8/18/2005,0.07
NASDAQ,AMSWA,5/16/2005,0.07
NASDAQ,AMSWA,2/16/2005,0.07
NASDAQ,AMSWA,11/17/2004,0.07
NASDAQ,AMSWA,8/17/2004,0.07
NASDAQ,AMSWA,5/18/2004,0.06
NASDAQ,AMSWA,2/11/2004,0.06
NASDAQ,AMSWA,11/20/2003,0.06
NASDAQ,AMSWA,8/18/2003,0.06
NASDAQ,AMSWA,8/30/1994,0.08
NASDAQ,AMSWA,6/21/1994,0.08
NASDAQ,AMSWA,3/7/1994,0.08
NASDAQ,AMSWA,12/2/1993,0.08
NASDAQ,AMSWA,9/2/1993,0.08
NASDAQ,AMSWA,5/25/1993,0.08
NASDAQ,AMSWA,3/10/1993,0.08
NASDAQ,AMSWA,12/2/1992,0.08
NASDAQ,AMSWA,9/2/1992,0.08
NASDAQ,AMSWA,6/4/1992,0.07
NASDAQ,AMSWA,3/4/1992,0.07
NASDAQ,AMSWA,11/27/1991,0.07
NASDAQ,AMSWA,8/29/1991,0.07
NASDAQ,AMSWA,5/21/1991,0.06
NASDAQ,AMSWA,3/4/1991,0.06
NASDAQ,AMSWA,11/29/1990,0.06
NASDAQ,AMSWA,8/30/1990,0.06
NASDAQ,AMSWA,6/4/1990,0.05333
NASDAQ,AMSWA,2/27/1990,0.05333
NASDAQ,AMSWA,11/28/1989,0.04667
NASDAQ,AMSWA,8/29/1989,0.04667
NASDAQ,AMSWA,6/7/1989,0.04667
NASDAQ,AMSWA,2/28/1989,0.04445
NASDAQ,AMSWA,11/29/1988,0.04445
NASDAQ,AMSWA,6/29/1988,0.03111
NASDAQ,AMSWA,4/4/1988,0.04445
NASDAQ,AMSWA,1/20/1988,0.02667
NASDAQ,AMSWA,1/20/1987,0.0237
NASDAQ,AMSWA,7/21/1986,0.0237
NASDAQ,ATLS,2/5/2009,0.05
NASDAQ,ATLS,11/6/2008,0.05
NASDAQ,ATLS,8/4/2008,0.05
NASDAQ,ATLS,5/5/2008,0.03333
NASDAQ,ATLS,2/5/2008,0.03333
NASDAQ,ATLS,11/5/2007,0.03333
NASDAQ,ATLS,8/6/2007,0.03333
NASDAQ,ATLS,5/4/2007,0.02222
NASDAQ,ATLO,1/28/2010,0.1
NASDAQ,ATLO,10/29/2009,0.1
NASDAQ,ATLO,7/30/2009,0.1
NASDAQ,ATLO,4/29/2009,0.1
NASDAQ,ATLO,1/29/2009,0.28
NASDAQ,ATLO,10/30/2008,0.28
NASDAQ,ATLO,7/30/2008,0.28
NASDAQ,ATLO,4/29/2008,0.28
NASDAQ,ATLO,1/30/2008,0.27
NASDAQ,ATLO,10/30/2007,0.27
NASDAQ,ATLO,7/30/2007,0.27
NASDAQ,ATLO,4/27/2007,0.27
NASDAQ,ATLO,1/30/2007,0.26
NASDAQ,ATLO,10/30/2006,0.26
NASDAQ,ATLO,7/28/2006,0.26
NASDAQ,ATLO,4/27/2006,0.26
NASDAQ,ATLO,1/30/2006,0.25
NASDAQ,ATLO,10/28/2005,0.25
NASDAQ,ATLO,7/28/2005,0.25
NASDAQ,ATLO,4/28/2005,0.25
NASDAQ,ATLO,1/28/2005,0.16333
NASDAQ,ATLO,10/28/2004,0.16333
NASDAQ,ATLO,9/14/2004,0.16333
NASDAQ,ATLO,4/29/2004,0.15333
NASDAQ,ATLO,1/29/2004,0.15333
NASDAQ,ATLO,10/30/2003,0.15333
NASDAQ,ATLO,9/12/2003,0.15333
NASDAQ,ATLO,7/30/2003,0.15333
NASDAQ,ATLO,5/21/2003,0.14667
NASDAQ,ATLO,1/30/2003,0.14667
NASDAQ,ATLO,10/30/2002,0.14667
NASDAQ,ATLO,7/30/2002,0.14667
NASDAQ,ATLO,6/13/2002,0.14667
NASDAQ,ATLO,9/21/2001,0.14
NASDAQ,ATLO,6/14/2001,0.14
NASDAQ,ATLO,3/15/2001,0.13333
NASDAQ,ATLO,12/29/2000,0.13333
NASDAQ,AMIN,2/26/2009,0.1
NASDAQ,AMIN,5/8/2008,0.18333
NASDAQ,APII,1/13/2006,0.15
NASDAQ,ACWX,12/22/2009,0.276
NASDAQ,ACWX,6/23/2009,0.551
NASDAQ,AAXJ,12/22/2009,0.507
NASDAQ,AAXJ,6/23/2009,0.195
NASDAQ,AGYS,7/16/2009,0.03
NASDAQ,AGYS,4/14/2009,0.03
NASDAQ,AGYS,1/16/2009,0.03
NASDAQ,AGYS,10/9/2008,0.03
NASDAQ,AGYS,7/11/2008,0.03
NASDAQ,AGYS,4/11/2008,0.03
NASDAQ,AGYS,1/11/2008,0.03
NASDAQ,AGYS,10/10/2007,0.03
NASDAQ,AGYS,7/11/2007,0.03
NASDAQ,AGYS,4/11/2007,0.03
NASDAQ,AGYS,1/10/2007,0.03
NASDAQ,AGYS,10/11/2006,0.03
NASDAQ,AGYS,7/12/2006,0.03
NASDAQ,AGYS,4/11/2006,0.03
NASDAQ,AGYS,1/11/2006,0.03
NASDAQ,AGYS,10/12/2005,0.03
NASDAQ,AGYS,7/12/2005,0.03
NASDAQ,AGYS,4/15/2005,0.03
NASDAQ,AGYS,1/12/2005,0.03
NASDAQ,AGYS,10/12/2004,0.03
NASDAQ,AGYS,7/12/2004,0.03
NASDAQ,AGYS,4/5/2004,0.03
NASDAQ,AGYS,1/2/2004,0.03
NASDAQ,AGYS,10/2/2003,0.03
NASDAQ,AGYS,7/2/2003,0.03
NASDAQ,AGYS,4/3/2003,0.03
NASDAQ,AGYS,1/2/2003,0.03
NASDAQ,AGYS,10/2/2002,0.03
NASDAQ,AGYS,7/2/2002,0.03
NASDAQ,AGYS,4/3/2002,0.03
NASDAQ,AGYS,1/2/2002,0.03
NASDAQ,AGYS,10/3/2001,0.03
NASDAQ,AGYS,7/5/2001,0.03
NASDAQ,AGYS,4/3/2001,0.03
NASDAQ,AGYS,1/16/2001,0.03
NASDAQ,AGYS,10/5/2000,0.03
NASDAQ,AGYS,7/3/2000,0.03
NASDAQ,AGYS,4/3/2000,0.03
NASDAQ,AGYS,1/4/2000,0.03
NASDAQ,AGYS,10/4/1999,0.03
NASDAQ,AGYS,7/6/1999,0.03
NASDAQ,AGYS,4/6/1999,0.03
NASDAQ,AGYS,1/4/1999,0.03
NASDAQ,AGYS,10/5/1998,0.03
NASDAQ,AGYS,7/6/1998,0.03
NASDAQ,AGYS,4/6/1998,0.03
NASDAQ,AGYS,1/5/1998,0.03
NASDAQ,AGYS,10/6/1997,0.03
NASDAQ,AGYS,7/7/1997,0.03
NASDAQ,AGYS,4/7/1997,0.03
NASDAQ,AGYS,1/3/1997,0.03
NASDAQ,AGYS,10/7/1996,0.03
NASDAQ,AGYS,7/8/1996,0.03
NASDAQ,AGYS,4/8/1996,0.03
NASDAQ,AGYS,12/29/1995,0.03
NASDAQ,AGYS,10/2/1995,0.03
NASDAQ,AGYS,6/30/1995,0.02333
NASDAQ,AGYS,3/30/1995,0.02333
NASDAQ,AGYS,12/28/1994,0.02
NASDAQ,AGYS,9/29/1994,0.02
NASDAQ,AGYS,6/29/1994,0.01555
NASDAQ,AGYS,3/30/1994,0.01555
NASDAQ,AGYS,12/30/1993,0.01555
NASDAQ,AGYS,9/30/1993,0.01555
NASDAQ,AGYS,6/30/1993,0.01333
NASDAQ,AGYS,4/1/1993,0.01333
NASDAQ,AGYS,12/23/1992,0.01333
NASDAQ,AGYS,10/1/1992,0.01185
NASDAQ,AGYS,7/1/1992,0.01185
NASDAQ,AGYS,4/2/1992,0.01185
NASDAQ,AGYS,1/2/1992,0.01185
NASDAQ,AGYS,10/3/1991,0.01185
NASDAQ,AGYS,7/3/1991,0.01185
NASDAQ,AGYS,4/4/1991,0.01185
NASDAQ,AGYS,1/3/1991,0.01185
NASDAQ,AGYS,10/3/1990,0.01185
NASDAQ,AGYS,7/5/1990,0.01037
NASDAQ,AGYS,4/6/1990,0.01037
NASDAQ,AMRB,6/30/2009,0.143
NASDAQ,AMRB,4/1/2009,0.143
NASDAQ,AMRB,12/30/2008,0.143
NASDAQ,AMRB,9/29/2008,0.14286
NASDAQ,AMRB,7/1/2008,0.14286
NASDAQ,AMRB,4/2/2008,0.14286
NASDAQ,AMRB,12/31/2007,0.14286
NASDAQ,AMRB,9/24/2007,0.13606
NASDAQ,AMRB,6/25/2007,0.13606
NASDAQ,AMRB,3/28/2007,0.13606
NASDAQ,AMRB,1/4/2007,0.13606
NASDAQ,AMRB,1/3/2007,0.13606
NASDAQ,AMRB,10/4/2006,0.12958
NASDAQ,AMRB,6/30/2006,0.12958
NASDAQ,AMRB,3/27/2006,0.12958
NASDAQ,AMRB,1/4/2006,0.12958
NASDAQ,AMRB,10/5/2005,0.12341
NASDAQ,AMRB,6/29/2005,0.10695
NASDAQ,AMRB,3/30/2005,0.10284
NASDAQ,AMRB,1/12/2005,0.0946
NASDAQ,AMRB,1/5/2005,0.0901
NASDAQ,AMRB,9/29/2004,0.0901
NASDAQ,AMRB,6/30/2004,0.0901
NASDAQ,AMRB,3/31/2004,0.0901
NASDAQ,AMRB,12/30/2003,0.11753
NASDAQ,AMRB,7/9/2003,0.11492
NASDAQ,AMRB,1/8/2003,0.10969
NASDAQ,AMRB,7/9/2002,0.07213
NASDAQ,AMRB,1/9/2002,0.06965
NASDAQ,AMRB,7/10/2001,0.06395
NASDAQ,AMRB,1/12/2001,0.06159
NASDAQ,AGNC,12/29/2009,1.4
NASDAQ,AGNC,9/30/2009,1.4
NASDAQ,AGNC,6/30/2009,1.5
NASDAQ,AGNC,3/31/2009,0.85
NASDAQ,AGNC,12/29/2008,1.2
NASDAQ,AGNC,9/25/2008,1
NASDAQ,AGNC,6/30/2008,0.31
NASDAQ,ACGY,5/26/2009,0.22
NASDAQ,ACGY,5/27/2008,0.21
NASDAQ,ACGY,5/29/2007,0.2
NASDAQ,AIRT,6/3/2009,0.33
NASDAQ,AIRT,6/4/2008,0.3
NASDAQ,AIRT,6/6/2007,0.25
NASDAQ,AIRT,6/7/2006,0.25
NASDAQ,AIRT,6/8/2005,0.25
NASDAQ,AIRT,6/9/2004,0.2
NASDAQ,AIRT,6/3/2003,0
NASDAQ,AIRT,6/3/2002,0.12
NASDAQ,AIRT,5/24/2001,0.15
NASDAQ,AIRT,5/24/2000,0.1
NASDAQ,AIRT,5/12/2000,0.08
NASDAQ,AIRT,5/12/1999,0.02
NASDAQ,AIRT,5/13/1998,0.035
NASDAQ,AIRT,5/29/1997,0.025
NASDAQ,AIRT,3/29/1996,0.06
NASDAQ,ANCX,2/8/2010,0.01
NASDAQ,ANCX,11/2/2009,0.01
NASDAQ,ANCX,8/3/2009,0.01
NASDAQ,ANCX,5/4/2009,0.01
NASDAQ,ANCX,2/9/2009,0.01
NASDAQ,ANCX,11/3/2008,0.01
NASDAQ,ANCX,8/4/2008,0.01
NASDAQ,ANCX,5/5/2008,0.01
NASDAQ,ANCX,2/11/2008,0.01
NASDAQ,ANCX,11/5/2007,0.01
NASDAQ,ANCX,8/6/2007,0.01
NASDAQ,ANCX,4/30/2007,0.01
NASDAQ,ANCX,2/9/2007,0.01
NASDAQ,ANCX,10/27/2006,0.005
NASDAQ,ANCX,7/28/2006,0.005
NASDAQ,ANCX,4/28/2006,0.005
NASDAQ,ANCX,2/10/2006,0.005
NASDAQ,AINV,12/15/2009,0.28
NASDAQ,AINV,9/15/2009,0.28
NASDAQ,AINV,6/16/2009,0.26
NASDAQ,AINV,3/17/2009,0.26
NASDAQ,AINV,12/16/2008,0.52
NASDAQ,AINV,9/16/2008,0.52
NASDAQ,AINV,6/17/2008,0.52
NASDAQ,AINV,3/18/2008,0.52
NASDAQ,AINV,12/17/2007,0.52
NASDAQ,AINV,9/12/2007,0.52
NASDAQ,AINV,6/19/2007,0.51
NASDAQ,AINV,3/20/2007,0.51
NASDAQ,AINV,12/19/2006,0.5
NASDAQ,AINV,9/19/2006,0.47
NASDAQ,AINV,6/20/2006,0.45
NASDAQ,AINV,3/10/2006,0.45
NASDAQ,AINV,12/20/2005,0.44
NASDAQ,AINV,9/20/2005,0.43
NASDAQ,AINV,6/21/2005,0.31
NASDAQ,AINV,3/22/2005,0.26
NASDAQ,AINV,12/21/2004,0.18
NASDAQ,AINV,9/21/2004,0.045
NASDAQ,ALCO,10/28/2009,0.138
NASDAQ,ALCO,7/29/2009,0.138
NASDAQ,ALCO,4/28/2009,0.138
NASDAQ,ALCO,1/28/2009,0.275
NASDAQ,ALCO,10/29/2008,0.275
NASDAQ,ALCO,7/29/2008,0.275
NASDAQ,ALCO,4/28/2008,0.275
NASDAQ,ALCO,12/26/2007,0.275
NASDAQ,ALCO,9/26/2007,0.275
NASDAQ,ALCO,6/27/2007,0.275
NASDAQ,ALCO,3/28/2007,0.275
NASDAQ,ALCO,12/27/2006,0.275
NASDAQ,ALCO,9/27/2006,0.275
NASDAQ,ALCO,6/28/2006,0.25
NASDAQ,ALCO,3/29/2006,0.25
NASDAQ,ALCO,12/28/2005,0.25
NASDAQ,ALCO,9/28/2005,0.25
NASDAQ,ALCO,6/28/2005,1
NASDAQ,ALCO,10/15/2003,0.6
NASDAQ,ALCO,10/9/2002,0.35
NASDAQ,ALCO,10/10/2001,1
NASDAQ,ALCO,10/11/2000,1
NASDAQ,ALCO,10/14/1999,0.3
NASDAQ,ALCO,10/15/1998,0.125
NASDAQ,ALCO,10/16/1997,0.038
NASDAQ,ALCO,10/23/1996,0.038
NASDAQ,ALCO,10/18/1995,0.038
NASDAQ,ALCO,10/17/1994,0.038
NASDAQ,ALCO,10/18/1993,0.037
NASDAQ,ALCO,10/19/1992,0.037
NASDAQ,ALCO,10/21/1991,0.037
NASDAQ,ALCO,10/22/1990,0.037
NASDAQ,APSG,1/27/2010,0.125
NASDAQ,APSG,10/28/2009,0.125
NASDAQ,APSG,7/29/2009,0.125
NASDAQ,APSG,4/29/2009,0.125
NASDAQ,APSG,1/28/2009,0.125
NASDAQ,APSG,10/29/2008,0.125
NASDAQ,APSG,7/30/2008,0.125
NASDAQ,APSG,4/30/2008,0.125
NASDAQ,APSG,1/30/2008,0.125
NASDAQ,APSG,10/29/2007,0.125
NASDAQ,APSG,8/1/2007,0.125
NASDAQ,APSG,5/2/2007,0.125
NASDAQ,APSG,1/31/2007,0.125
NASDAQ,APSG,10/27/2006,0.125
NASDAQ,APSG,7/26/2006,0.125
NASDAQ,APSG,4/26/2006,0.125
NASDAQ,APSG,1/25/2006,0.125
NASDAQ,APSG,10/27/2005,0.125
NASDAQ,APSG,7/27/2005,0.125
NASDAQ,APSG,4/27/2005,0.125
NASDAQ,APSG,1/26/2005,0.125
NASDAQ,APSG,10/27/2004,0.125
NASDAQ,APSG,7/28/2004,0.125
NASDAQ,APSG,4/28/2004,0.125
NASDAQ,APSG,1/28/2004,0.125
NASDAQ,APSG,10/29/2003,0.063
NASDAQ,APSG,7/30/2003,0.063
NASDAQ,APSG,4/30/2003,0.063
NASDAQ,APSG,4/25/2001,0.063
NASDAQ,APSG,1/24/2001,0.063
NASDAQ,APSG,10/27/2000,0.063
NASDAQ,APSG,7/27/2000,0.063
NASDAQ,APSG,4/26/2000,0.063
NASDAQ,APSG,1/26/2000,0.063
NASDAQ,APSG,10/27/1999,0.063
NASDAQ,ASFI,12/29/2009,0.02
NASDAQ,ASFI,9/23/2009,0.02
NASDAQ,ASFI,6/24/2009,0.02
NASDAQ,ASFI,3/25/2009,0.02
NASDAQ,ASFI,12/24/2008,0.02
NASDAQ,ASFI,9/24/2008,0.04
NASDAQ,ASFI,6/25/2008,0.04
NASDAQ,ASFI,3/26/2008,0.04
NASDAQ,ASFI,2/7/2008,0.04
NASDAQ,ASFI,9/26/2007,0.04
NASDAQ,ASFI,6/27/2007,0.04
NASDAQ,ASFI,3/28/2007,0.04
NASDAQ,ASFI,12/27/2006,0.04
NASDAQ,ASFI,9/27/2006,0.44
NASDAQ,ASFI,6/28/2006,0.04
NASDAQ,ASFI,3/29/2006,0.04
NASDAQ,ASFI,12/28/2005,0.04
NASDAQ,ASFI,9/28/2005,0.035
NASDAQ,ASFI,6/28/2005,0.035
NASDAQ,ASFI,3/29/2005,0.035
NASDAQ,ASFI,12/28/2004,0.035
NASDAQ,ASFI,9/28/2004,0.035
NASDAQ,ASFI,6/28/2004,0.03
NASDAQ,ASFI,3/29/2004,0.03
NASDAQ,ASFI,12/29/2003,0.025
NASDAQ,ASFI,9/26/2003,0.025
NASDAQ,ASBC,2/4/2010,0.01
NASDAQ,ASBC,11/4/2009,0.05
NASDAQ,ASBC,8/4/2009,0.05
NASDAQ,ASBC,5/5/2009,0.05
NASDAQ,ASBC,2/4/2009,0.32
NASDAQ,ASBC,11/5/2008,0.32
NASDAQ,ASBC,8/5/2008,0.32
NASDAQ,ASBC,5/5/2008,0.32
NASDAQ,ASBC,2/5/2008,0.31
NASDAQ,ASBC,11/2/2007,0.31
NASDAQ,ASBC,8/3/2007,0.31
NASDAQ,ASBC,5/3/2007,0.31
NASDAQ,ASBC,2/2/2007,0.29
NASDAQ,ASBC,11/2/2006,0.29
NASDAQ,ASBC,8/4/2006,0.29
NASDAQ,ASBC,5/4/2006,0.29
NASDAQ,ASBC,2/2/2006,0.27
NASDAQ,ASBC,11/3/2005,0.27
NASDAQ,ASBC,8/4/2005,0.27
NASDAQ,ASBC,5/5/2005,0.27
NASDAQ,ASBC,2/3/2005,0.25
NASDAQ,ASBC,11/4/2004,0.25
NASDAQ,ASBC,8/4/2004,0.25
NASDAQ,ASBC,5/14/2004,0.25
NASDAQ,ASBC,1/30/2004,0.22667
NASDAQ,ASBC,10/30/2003,0.22667
NASDAQ,ASBC,7/30/2003,0.22667
NASDAQ,ASBC,4/29/2003,0.22667
NASDAQ,ASBC,1/30/2003,0.20667
NASDAQ,ASBC,10/30/2002,0.20667
NASDAQ,ASBC,7/30/2002,0.20667
NASDAQ,ASBC,5/1/2002,0.20667
NASDAQ,ASBC,1/30/2002,0.18788
NASDAQ,ASBC,10/30/2001,0.18788
NASDAQ,ASBC,7/30/2001,0.18788
NASDAQ,ASBC,4/27/2001,0.18788
NASDAQ,ASBC,1/30/2001,0.17576
NASDAQ,ASBC,10/30/2000,0.17576
NASDAQ,ASBC,7/28/2000,0.17576
NASDAQ,ASBC,4/27/2000,0.15978
NASDAQ,ASBC,1/28/2000,0.15978
NASDAQ,ASBC,10/29/1999,0.15978
NASDAQ,ASBC,7/29/1999,0.15978
NASDAQ,ASBC,4/30/1999,0.15978
NASDAQ,ASBC,2/3/1999,0.15978
NASDAQ,ASBC,11/4/1998,0.15978
NASDAQ,ASBC,7/31/1998,0.15978
NASDAQ,ASBC,5/1/1998,0.12783
NASDAQ,ASBC,2/4/1998,0.12783
NASDAQ,ASBC,10/31/1997,0.12783
NASDAQ,ASBC,8/1/1997,0.12783
NASDAQ,ASBC,5/2/1997,0.12783
NASDAQ,ASBC,1/31/1997,0.10652
NASDAQ,ASBC,10/31/1996,0.10652
NASDAQ,ASBC,8/1/1996,0.10652
NASDAQ,ASBC,5/2/1996,0.10652
NASDAQ,ASBC,2/1/1996,0.09917
NASDAQ,ASBC,11/2/1995,0.09917
NASDAQ,ASBC,8/3/1995,0.09917
NASDAQ,ASBC,5/2/1995,0.07934
NASDAQ,ASBC,1/31/1995,0.07934
NASDAQ,ASBC,11/1/1994,0.07934
NASDAQ,ASBC,8/2/1994,0.07934
NASDAQ,ASBC,5/2/1994,0.07934
NASDAQ,ASBC,2/1/1994,0.07347
NASDAQ,ASBC,11/2/1993,0.07347
NASDAQ,ASBC,4/30/1993,0.06679
NASDAQ,ASBC,2/2/1993,0.06679
NASDAQ,ASBC,10/28/1992,0.05877
NASDAQ,ASBC,7/29/1992,0.05877
NASDAQ,ASBC,4/29/1992,0.05343
NASDAQ,ASBC,1/29/1992,0.05343
NASDAQ,ASBC,10/31/1991,0.05343
NASDAQ,ASBC,7/31/1991,0.05343
NASDAQ,ASBC,5/1/1991,0.05343
NASDAQ,ASBC,1/30/1991,0.04809
NASDAQ,ASBC,11/1/1990,0.04809
NASDAQ,ASBC,7/31/1990,0.04809
NASDAQ,ASBC,5/1/1990,0.04371
NASDAQ,ASBC,1/30/1990,0.04371
NASDAQ,ASBC,10/30/1989,0.04371
NASDAQ,ASBC,8/1/1989,0.03885
NASDAQ,ASBC,4/28/1989,0.03885
NASDAQ,ASBC,1/31/1989,0.03399
NASDAQ,ASBC,11/1/1988,0.03399
NASDAQ,ASBC,8/2/1988,0.03399
NASDAQ,ASBC,5/3/1988,0.03399
NASDAQ,ASBC,2/2/1988,0.02915
NASDAQ,ASBC,11/2/1987,0.02915
NASDAQ,ASBC,8/3/1987,0.02915
NASDAQ,ASBC,5/4/1987,0.02649
NASDAQ,ASBC,2/2/1987,0.02649
NASDAQ,ASBC,11/17/1986,0.02649
NASDAQ,ASBC,8/6/1986,0.02649
NASDAQ,ASBC,5/2/1986,0.02649
NASDAQ,ASBC,2/6/1986,0.02429
NASDAQ,ADSK,3/22/2005,0.015
NASDAQ,ADSK,12/22/2004,0.015
NASDAQ,ADSK,9/22/2004,0.015
NASDAQ,ADSK,6/30/2004,0.015
NASDAQ,ADSK,3/31/2004,0.015
NASDAQ,ADSK,12/30/2003,0.015
NASDAQ,ADSK,10/1/2003,0.015
NASDAQ,ADSK,7/9/2003,0.015
NASDAQ,ADSK,4/2/2003,0.015
NASDAQ,ADSK,12/31/2002,0.015
NASDAQ,ADSK,10/2/2002,0.015
NASDAQ,ADSK,7/2/2002,0.015
NASDAQ,ADSK,4/2/2002,0.015
NASDAQ,ADSK,1/2/2002,0.015
NASDAQ,ADSK,10/3/2001,0.015
NASDAQ,ADSK,7/3/2001,0.015
NASDAQ,ADSK,4/4/2001,0.015
NASDAQ,ADSK,1/3/2001,0.015
NASDAQ,ADSK,10/4/2000,0.015
NASDAQ,ADSK,7/5/2000,0.015
NASDAQ,ADSK,4/5/2000,0.015
NASDAQ,ADSK,1/10/2000,0.015
NASDAQ,ADSK,10/6/1999,0.015
NASDAQ,ADSK,7/7/1999,0.015
NASDAQ,ADSK,4/7/1999,0.015
NASDAQ,ADSK,1/6/1999,0.015
NASDAQ,ADSK,10/7/1998,0.015
NASDAQ,ADSK,7/8/1998,0.015
NASDAQ,ADSK,4/7/1998,0.015
NASDAQ,ADSK,1/7/1998,0.015
NASDAQ,ADSK,10/8/1997,0.015
NASDAQ,ADSK,7/9/1997,0.015
NASDAQ,ADSK,4/9/1997,0.015
NASDAQ,ADSK,1/8/1997,0.015
NASDAQ,ADSK,10/9/1996,0.015
NASDAQ,ADSK,7/10/1996,0.015
NASDAQ,ADSK,4/10/1996,0.015
NASDAQ,ADSK,1/10/1996,0.015
NASDAQ,ADSK,10/11/1995,0.015
NASDAQ,ADSK,7/5/1995,0.015
NASDAQ,ADSK,4/3/1995,0.015
NASDAQ,ADSK,1/9/1995,0.015
NASDAQ,ADSK,9/13/1994,0.015
NASDAQ,ADSK,7/1/1994,0.015
NASDAQ,ADSK,4/4/1994,0.015
NASDAQ,ADSK,1/10/1994,0.015
NASDAQ,ADSK,9/20/1993,0.015
NASDAQ,ADSK,6/21/1993,0.015
NASDAQ,ADSK,4/2/1993,0.015
NASDAQ,ADSK,1/11/1993,0.015
NASDAQ,ADSK,9/11/1992,0.015
NASDAQ,ADSK,6/22/1992,0.015
NASDAQ,ADSK,3/27/1992,0.015
NASDAQ,ADSK,12/30/1991,0.015
NASDAQ,ADSK,9/12/1991,0.015
NASDAQ,ADSK,6/11/1991,0.015
NASDAQ,ADSK,3/26/1991,0.0125
NASDAQ,ADSK,12/14/1990,0.0125
NASDAQ,ADSK,12/19/1989,0.0125
NASDAQ,ADSK,7/14/1989,0.0125
NASDAQ,ACAP,12/9/2009,0.09
NASDAQ,ACAP,9/9/2009,0.083
NASDAQ,ACAP,6/10/2009,0.0825
NASDAQ,ACAP,3/11/2009,0.0825
NASDAQ,ACAP,12/10/2008,0.075
NASDAQ,ACAP,9/10/2008,0.075
NASDAQ,ACAP,6/11/2008,0.075
NASDAQ,ACAP,3/12/2008,0.075
NASDAQ,ACAP,12/11/2007,0.075
NASDAQ,ACAP,9/10/2007,0.075
NASDAQ,AROW,12/1/2009,0.25
NASDAQ,AROW,9/1/2009,0.24272
NASDAQ,AROW,6/1/2009,0.24272
NASDAQ,AROW,2/27/2009,0.24272
NASDAQ,AROW,12/1/2008,0.24272
NASDAQ,AROW,9/2/2008,0.24272
NASDAQ,AROW,5/29/2008,0.23301
NASDAQ,AROW,2/28/2008,0.23301
NASDAQ,AROW,11/30/2007,0.23301
NASDAQ,AROW,8/30/2007,0.22622
NASDAQ,AROW,6/1/2007,0.22622
NASDAQ,AROW,2/27/2007,0.22622
NASDAQ,AROW,12/1/2006,0.22622
NASDAQ,AROW,8/31/2006,0.21963
NASDAQ,AROW,6/1/2006,0.21963
NASDAQ,AROW,2/28/2006,0.21963
NASDAQ,AROW,12/5/2005,0.21963
NASDAQ,AROW,9/2/2005,0.21323
NASDAQ,AROW,6/3/2005,0.20436
NASDAQ,AROW,2/24/2005,0.20436
NASDAQ,AROW,11/26/2004,0.20436
NASDAQ,AROW,8/27/2004,0.19841
NASDAQ,AROW,5/26/2004,0.19841
NASDAQ,AROW,2/25/2004,0.18978
NASDAQ,AROW,11/25/2003,0.18978
NASDAQ,AROW,8/27/2003,0.17943
NASDAQ,AROW,5/28/2003,0.17943
NASDAQ,AROW,2/26/2003,0.17251
NASDAQ,AROW,11/26/2002,0.17251
NASDAQ,AROW,8/28/2002,0.1643
NASDAQ,AROW,5/29/2002,0.1643
NASDAQ,AROW,2/27/2002,0.15117
NASDAQ,AROW,11/28/2001,0.15117
NASDAQ,AROW,8/29/2001,0.14397
NASDAQ,AROW,5/30/2001,0.14397
NASDAQ,AROW,2/27/2001,0.13145
NASDAQ,AROW,11/29/2000,0.13145
NASDAQ,AROW,8/30/2000,0.12519
NASDAQ,AROW,5/30/2000,0.12519
NASDAQ,AROW,2/28/2000,0.11892
NASDAQ,AROW,11/26/1999,0.11892
NASDAQ,AROW,8/30/1999,0.11517
NASDAQ,AROW,5/27/1999,0.10416
NASDAQ,AROW,2/25/1999,0.10416
NASDAQ,AROW,11/25/1998,0.10416
NASDAQ,AROW,8/27/1998,0.10515
NASDAQ,AROW,7/30/1998,0.10416
NASDAQ,AROW,5/28/1998,0.0956
NASDAQ,AROW,2/25/1998,0.0956
NASDAQ,AROW,11/26/1997,0.0956
NASDAQ,AROW,8/28/1997,0.08671
NASDAQ,AROW,5/29/1997,0.08671
NASDAQ,AROW,2/26/1997,0.08671
NASDAQ,AROW,11/27/1996,0.08671
NASDAQ,AROW,8/29/1996,0.06701
NASDAQ,AROW,5/29/1996,0.06701
NASDAQ,AROW,2/28/1996,0.06701
NASDAQ,AROW,11/29/1995,0.06305
NASDAQ,AROW,8/30/1995,0.05912
NASDAQ,AROW,5/25/1995,0.05517
NASDAQ,AROW,2/23/1995,0.05124
NASDAQ,AROW,11/25/1994,0.01774
NASDAQ,AROW,10/5/1994,0.01774
NASDAQ,AROW,8/26/1994,0.01892
NASDAQ,AROW,5/25/1994,0.01892
NASDAQ,AROW,2/23/1994,0.01852
NASDAQ,AROW,11/24/1993,0.01852
NASDAQ,AROW,9/7/1993,0.01969
NASDAQ,AROW,11/9/1992,0.03745
NASDAQ,AROW,8/9/1991,0.03823
NASDAQ,AROW,5/1/1991,0.03942
NASDAQ,AROW,2/1/1991,0.07093
NASDAQ,AROW,11/1/1990,0.07093
NASDAQ,AROW,7/26/1990,0.07093
NASDAQ,ACCL,5/3/2004,4.95
NASDAQ,ARLP,2/3/2010,0.775
NASDAQ,ARLP,11/4/2009,0.76
NASDAQ,ARLP,8/5/2009,0.745
NASDAQ,ARLP,5/6/2009,0.73
NASDAQ,ARLP,2/4/2009,0.715
NASDAQ,ARLP,11/5/2008,0.7
NASDAQ,ARLP,8/5/2008,0.66
NASDAQ,ARLP,5/6/2008,0.585
NASDAQ,ARLP,2/5/2008,0.585
NASDAQ,ARLP,11/5/2007,0.56
NASDAQ,ARLP,8/3/2007,0.56
NASDAQ,ARLP,5/4/2007,0.54
NASDAQ,ARLP,2/5/2007,0.54
NASDAQ,ARLP,11/2/2006,0.5
NASDAQ,ARLP,8/3/2006,0.5
NASDAQ,ARLP,5/4/2006,0.46
NASDAQ,ARLP,2/2/2006,0.46
NASDAQ,ARLP,11/2/2005,0.413
NASDAQ,ARLP,8/3/2005,0.4125
NASDAQ,ARLP,5/4/2005,0.375
NASDAQ,ARLP,2/3/2005,0.375
NASDAQ,ARLP,10/28/2004,0.325
NASDAQ,ARLP,7/29/2004,0.325
NASDAQ,ARLP,4/29/2004,0.3125
NASDAQ,ARLP,2/3/2004,0.2815
NASDAQ,ARLP,10/30/2003,0.2625
NASDAQ,ARLP,8/1/2003,0.2625
NASDAQ,ARLP,5/1/2003,0.2625
NASDAQ,ARLP,1/30/2003,0.2625
NASDAQ,ARLP,10/30/2002,0.25
NASDAQ,ARLP,7/30/2002,0.25
NASDAQ,ARLP,5/1/2002,0.25
NASDAQ,ARLP,1/31/2002,0.25
NASDAQ,ARLP,10/31/2001,0.25
NASDAQ,ARLP,8/1/2001,0.25
NASDAQ,ARLP,5/2/2001,0.25
NASDAQ,ARLP,1/29/2001,0.25
NASDAQ,ARLP,10/31/2000,0.25
NASDAQ,ARLP,7/27/2000,0.25
NASDAQ,ARLP,4/27/2000,0.25
NASDAQ,ARLP,2/3/2000,0.25
NASDAQ,ARLP,10/27/1999,0.115
NASDAQ,AACC,7/17/2007,2.45
NASDAQ,AWBC,2/8/2008,0.04
NASDAQ,AWBC,11/8/2007,0.04
NASDAQ,AWBC,8/10/2007,0.04
NASDAQ,AWBC,5/10/2007,0.04
NASDAQ,AWBC,2/9/2007,0.03
NASDAQ,AWBC,11/1/2006,0.03
NASDAQ,AWBC,8/2/2006,0.03
NASDAQ,AWBC,5/3/2006,0.03
NASDAQ,ACFC,7/8/2009,0.01
NASDAQ,ACFC,4/7/2009,0.01
NASDAQ,ACFC,1/7/2009,0.09
NASDAQ,ACFC,10/8/2008,0.11
NASDAQ,ACFC,7/9/2008,0.12
NASDAQ,ACFC,4/9/2008,0.15
NASDAQ,ACFC,1/9/2008,0.15
NASDAQ,ACFC,10/10/2007,0.15
NASDAQ,ACFC,7/11/2007,0.14
NASDAQ,ACFC,4/11/2007,0.13
NASDAQ,ACFC,1/10/2007,0.12
NASDAQ,ACFC,10/11/2006,0.11
NASDAQ,ACFC,7/12/2006,0.1
NASDAQ,ACFC,4/11/2006,0.09
NASDAQ,ACFC,1/11/2006,0.08
NASDAQ,ACFC,10/12/2005,0.07
NASDAQ,ACFC,7/13/2005,0.06
NASDAQ,ACFC,4/13/2005,0.05
NASDAQ,ACAT,11/12/2008,0.07
NASDAQ,ACAT,8/20/2008,0.07
NASDAQ,ACAT,5/15/2008,0.07
NASDAQ,ACAT,2/12/2008,0.07
NASDAQ,ACAT,11/7/2007,0.07
NASDAQ,ACAT,8/22/2007,0.07
NASDAQ,ACAT,5/17/2007,0.07
NASDAQ,ACAT,2/12/2007,0.07
NASDAQ,ACAT,11/8/2006,0.07
NASDAQ,ACAT,8/15/2006,0.07
NASDAQ,ACAT,5/18/2006,0.07
NASDAQ,ACAT,2/10/2006,0.07
NASDAQ,ACAT,11/8/2005,0.07
NASDAQ,ACAT,8/16/2005,0.07
NASDAQ,ACAT,5/17/2005,0.07
NASDAQ,ACAT,2/10/2005,0.07
NASDAQ,ACAT,11/8/2004,0.07
NASDAQ,ACAT,8/16/2004,0.07
NASDAQ,ACAT,5/10/2004,0.07
NASDAQ,ACAT,2/10/2004,0.07
NASDAQ,ACAT,11/6/2003,0.07
NASDAQ,ACAT,8/14/2003,0.06
NASDAQ,ACAT,5/12/2003,0.06
NASDAQ,ACAT,2/11/2003,0.06
NASDAQ,ACAT,11/13/2002,0.06
NASDAQ,ACAT,8/14/2002,0.06
NASDAQ,ACAT,5/10/2002,0.06
NASDAQ,ACAT,2/11/2002,0.06
NASDAQ,ACAT,11/14/2001,0.06
NASDAQ,ACAT,8/15/2001,0.06
NASDAQ,ACAT,5/25/2001,0.06
NASDAQ,ACAT,2/14/2001,0.06
NASDAQ,ACAT,11/15/2000,0.06
NASDAQ,ACAT,8/16/2000,0.06
NASDAQ,ACAT,5/11/2000,0.06
NASDAQ,ACAT,2/15/2000,0.06
NASDAQ,ACAT,11/15/1999,0.06
NASDAQ,ACAT,8/16/1999,0.06
NASDAQ,ACAT,5/12/1999,0.06
NASDAQ,ACAT,2/12/1999,0.06
NASDAQ,ACAT,11/13/1998,0.06
NASDAQ,ACAT,8/13/1998,0.06
NASDAQ,ACAT,5/13/1998,0.06
NASDAQ,ACAT,2/12/1998,0.06
NASDAQ,ACAT,11/13/1997,0.06
NASDAQ,ACAT,8/18/1997,0.06
NASDAQ,ACAT,5/14/1997,0.06
NASDAQ,ACAT,2/12/1997,0.06
NASDAQ,ACAT,11/14/1996,0.06
NASDAQ,ACAT,8/21/1996,0.06
NASDAQ,ACAT,5/15/1996,0.06
NASDAQ,ACAT,2/14/1996,0.06
NASDAQ,ACAT,11/15/1995,0.06
NASDAQ,ACAT,8/15/1995,0.06
NASDAQ,ACAT,5/23/1995,0.06
NASDAQ,ACAT,2/13/1995,0.06
NASDAQ,ACAT,11/10/1994,0.048
NASDAQ,ACAT,8/12/1994,0.04667
NASDAQ,ACAT,5/10/1994,0.04667
NASDAQ,ACAT,2/11/1994,0.04667
NASDAQ,ACAT,11/10/1993,0.03467
NASDAQ,ACAT,8/11/1993,0.03467
NASDAQ,ACAT,5/10/1993,0.03467
NASDAQ,ACAT,2/10/1993,0.03555
NASDAQ,ACAT,11/10/1992,0.02667
NASDAQ,ACAT,8/11/1992,0.02667
NASDAQ,ACAT,5/11/1992,0.02667
NASDAQ,ASCA,11/27/2009,0.105
NASDAQ,ASCA,9/22/2009,0.105
NASDAQ,ASCA,7/15/2009,0.105
NASDAQ,ASCA,5/7/2009,0.105
NASDAQ,ASCA,9/29/2008,0.105
NASDAQ,ASCA,6/19/2008,0.105
NASDAQ,ASCA,2/27/2008,0.105
NASDAQ,ASCA,11/28/2007,0.103
NASDAQ,ASCA,8/29/2007,0.103
NASDAQ,ASCA,5/30/2007,0.103
NASDAQ,ASCA,2/27/2007,0.103
NASDAQ,ASCA,11/28/2006,0.094
NASDAQ,ASCA,8/28/2006,0.094
NASDAQ,ASCA,5/25/2006,0.094
NASDAQ,ASCA,2/27/2006,0.094
NASDAQ,ASCA,11/28/2005,0.078
NASDAQ,ASCA,8/30/2005,0.078
NASDAQ,ASCA,6/2/2005,0.078
NASDAQ,ASCA,2/25/2005,0.078
NASDAQ,ASCA,11/26/2004,0.0625
NASDAQ,ASCA,8/27/2004,0.0625
NASDAQ,ASCA,6/14/2004,0.0625
NASDAQ,ASCA,4/12/2004,0.0625
NASDAQ,ALNC,12/17/2009,0.28
NASDAQ,ALNC,9/15/2009,0.28
NASDAQ,ALNC,6/24/2009,0.26
NASDAQ,ALNC,3/24/2009,0.26
NASDAQ,ALNC,12/23/2008,0.26
NASDAQ,ALNC,9/24/2008,0.26
NASDAQ,ALNC,6/24/2008,0.24
NASDAQ,ALNC,3/24/2008,0.24
NASDAQ,ALNC,12/21/2007,0.24
NASDAQ,ALNC,9/24/2007,0.22
NASDAQ,ALNC,6/22/2007,0.22
NASDAQ,ALNC,3/22/2007,0.22
NASDAQ,ALNC,12/21/2006,0.22
NASDAQ,ALNC,9/22/2006,0.22
NASDAQ,ALNC,6/22/2006,0.22
NASDAQ,ALNC,3/23/2006,0.22
NASDAQ,ALNC,12/22/2005,0.21
NASDAQ,ALNC,9/22/2005,0.21
NASDAQ,ALNC,6/23/2005,0.21
NASDAQ,ALNC,3/23/2005,0.21
NASDAQ,ALNC,12/22/2004,0.21
NASDAQ,ALNC,9/23/2004,0.21
NASDAQ,ALNC,6/24/2004,0.21
NASDAQ,ALNC,3/25/2004,0.21
NASDAQ,ALNC,12/24/2003,0.21
NASDAQ,ALNC,9/25/2003,0.21
NASDAQ,ALNC,6/23/2003,0.21
NASDAQ,ALNC,3/24/2003,0.21
NASDAQ,ALNC,12/24/2002,0.2
NASDAQ,ALNC,9/25/2002,0.2
NASDAQ,ALNC,6/25/2002,0.2
NASDAQ,ALNC,3/26/2002,0.19
NASDAQ,ALNC,12/26/2001,0.29
NASDAQ,ALNC,9/28/2001,0.185
NASDAQ,ALNC,6/28/2001,0.185
NASDAQ,ALNC,3/29/2001,0.185
NASDAQ,ALNC,12/28/2000,0.185
NASDAQ,ALNC,9/28/2000,0.175
NASDAQ,ALNC,6/29/2000,0.175
NASDAQ,ALNC,3/29/2000,0.16667
NASDAQ,ALNC,12/29/1999,0.16667
NASDAQ,ALNC,9/29/1999,0.16667
NASDAQ,ALNC,6/29/1999,0.16762
NASDAQ,APOG,2/5/2010,0.082
NASDAQ,APOG,10/23/2009,0.082
NASDAQ,APOG,7/10/2009,0.082
NASDAQ,APOG,5/15/2009,0.082
NASDAQ,APOG,2/6/2009,0.082
NASDAQ,APOG,10/24/2008,0.082
NASDAQ,APOG,7/11/2008,0.074
NASDAQ,APOG,5/16/2008,0.074
NASDAQ,APOG,2/8/2008,0.074
NASDAQ,APOG,10/26/2007,0.074
NASDAQ,APOG,7/13/2007,0.068
NASDAQ,APOG,5/18/2007,0.068
NASDAQ,APOG,2/9/2007,0.068
NASDAQ,APOG,10/27/2006,0.068
NASDAQ,APOG,7/14/2006,0.065
NASDAQ,APOG,5/12/2006,0.065
NASDAQ,APOG,2/9/2006,0.065
NASDAQ,APOG,11/3/2005,0.065
NASDAQ,APOG,7/7/2005,0.063
NASDAQ,APOG,4/28/2005,0.063
NASDAQ,APOG,2/10/2005,0.063
NASDAQ,APOG,10/25/2004,0.063
NASDAQ,APOG,8/5/2004,0.06
NASDAQ,APOG,5/3/2004,0.06
NASDAQ,APOG,1/30/2004,0.06
NASDAQ,APOG,10/27/2003,0.06
NASDAQ,APOG,8/7/2003,0.058
NASDAQ,APOG,4/25/2003,0.058
NASDAQ,APOG,1/30/2003,0.058
NASDAQ,APOG,10/24/2002,0.058
NASDAQ,APOG,8/8/2002,0.055
NASDAQ,APOG,4/25/2002,0.055
NASDAQ,APOG,1/31/2002,0.055
NASDAQ,APOG,10/25/2001,0.055
NASDAQ,APOG,8/9/2001,0.053
NASDAQ,APOG,4/26/2001,0.053
NASDAQ,APOG,2/1/2001,0.053
NASDAQ,APOG,10/26/2000,0.053
NASDAQ,APOG,8/10/2000,0.053
NASDAQ,APOG,4/27/2000,0.053
NASDAQ,APOG,1/27/2000,0.053
NASDAQ,APOG,10/21/1999,0.053
NASDAQ,APOG,8/12/1999,0.053
NASDAQ,APOG,4/29/1999,0.052
NASDAQ,APOG,1/22/1999,0.052
NASDAQ,APOG,10/23/1998,0.052
NASDAQ,APOG,8/7/1998,0.05
NASDAQ,APOG,5/1/1998,0.05
NASDAQ,APOG,1/23/1998,0.05
NASDAQ,APOG,10/24/1997,0.05
NASDAQ,APOG,8/8/1997,0.045
NASDAQ,APOG,5/2/1997,0.045
NASDAQ,APOG,1/24/1997,0.045
NASDAQ,APOG,10/25/1996,0.045
NASDAQ,APOG,8/9/1996,0.0425
NASDAQ,APOG,5/3/1996,0.0425
NASDAQ,APOG,1/26/1996,0.0425
NASDAQ,APOG,10/27/1995,0.0425
NASDAQ,APOG,8/11/1995,0.04
NASDAQ,APOG,5/3/1995,0.04
NASDAQ,APOG,1/25/1995,0.04
NASDAQ,APOG,10/26/1994,0.04
NASDAQ,APOG,8/10/1994,0.0375
NASDAQ,APOG,5/4/1994,0.0375
NASDAQ,APOG,1/26/1994,0.0375
NASDAQ,APOG,10/27/1993,0.0375
NASDAQ,APOG,8/3/1993,0.035
NASDAQ,APOG,5/4/1993,0.035
NASDAQ,APOG,1/26/1993,0.035
NASDAQ,APOG,10/27/1992,0.035
NASDAQ,APOG,8/4/1992,0.0325
NASDAQ,APOG,5/5/1992,0.0325
NASDAQ,APOG,1/28/1992,0.0325
NASDAQ,APOG,10/29/1991,0.0325
NASDAQ,APOG,8/6/1991,0.0325
NASDAQ,APOG,5/7/1991,0.0325
NASDAQ,APOG,1/30/1991,0.03
NASDAQ,APOG,10/31/1990,0.03
NASDAQ,APOG,8/8/1990,0.03
NASDAQ,APOG,5/2/1990,0.03
NASDAQ,APOG,1/29/1990,0.025
NASDAQ,APOG,8/7/1989,0.025
NASDAQ,APOG,5/1/1989,0.025
NASDAQ,APOG,1/30/1989,0.02
NASDAQ,APOG,10/31/1988,0.02
NASDAQ,APOG,8/8/1988,0.02
NASDAQ,APOG,5/9/1988,0.02
NASDAQ,APOG,2/3/1988,0.015
NASDAQ,APOG,11/4/1987,0.015
NASDAQ,ABFS,2/5/2010,0.03
NASDAQ,ABFS,10/30/2009,0.15
NASDAQ,ABFS,8/5/2009,0.15
NASDAQ,ABFS,5/1/2009,0.15
NASDAQ,ABFS,2/9/2009,0.15
NASDAQ,ABFS,10/31/2008,0.15
NASDAQ,ABFS,8/1/2008,0.15
NASDAQ,ABFS,5/2/2008,0.15
NASDAQ,ABFS,2/5/2008,0.15
NASDAQ,ABFS,10/30/2007,0.15
NASDAQ,ABFS,8/3/2007,0.15
NASDAQ,ABFS,5/4/2007,0.15
NASDAQ,ABFS,2/2/2007,0.15
NASDAQ,ABFS,11/1/2006,0.15
NASDAQ,ABFS,7/28/2006,0.15
NASDAQ,ABFS,4/28/2006,0.15
NASDAQ,ABFS,2/6/2006,0.15
NASDAQ,ABFS,11/7/2005,0.15
NASDAQ,ABFS,8/9/2005,0.15
NASDAQ,ABFS,5/2/2005,0.12
NASDAQ,ABFS,2/7/2005,0.12
NASDAQ,ABFS,11/1/2004,0.12
NASDAQ,ABFS,8/3/2004,0.12
NASDAQ,ABFS,5/7/2004,0.12
NASDAQ,ABFS,2/9/2004,0.12
NASDAQ,ABFS,11/3/2003,0.08
NASDAQ,ABFS,8/4/2003,0.08
NASDAQ,ABFS,5/5/2003,0.08
NASDAQ,ABFS,2/3/2003,0.08
NASDAQ,ABFS,2/3/2000,0.01
NASDAQ,ABFS,2/3/1999,0.01
NASDAQ,ABFS,2/12/1998,0.01
NASDAQ,ABFS,2/12/1997,0.01
NASDAQ,ABFS,2/12/1996,0.01
NASDAQ,ABFS,11/6/1995,0.01
NASDAQ,ABFS,8/2/1995,0.01
NASDAQ,ABFS,5/16/1995,0.01
NASDAQ,ABFS,2/8/1995,0.01
NASDAQ,ABFS,10/31/1994,0.01
NASDAQ,ABFS,7/21/1994,0.01
NASDAQ,ABFS,5/18/1994,0.01
NASDAQ,ABFS,1/31/1994,0.01
NASDAQ,ABFS,10/28/1993,0.01
NASDAQ,ABFS,7/29/1993,0.01
NASDAQ,ABFS,5/13/1993,0.01
NASDAQ,ABFS,1/27/1993,0.01
NASDAQ,ABFS,10/29/1992,0.01
NASDAQ,ABFS,7/30/1992,0.01
NASDAQ,ARBX,3/10/2008,0.4
NASDAQ,ARTW,11/12/2009,0.06
NASDAQ,ARTW,11/12/2008,0.06
NASDAQ,ARTW,11/13/2007,0.05
NASDAQ,ARTW,11/13/2006,0.025
NASDAQ,ARTW,11/10/2005,0.025
NASDAQ,ARTW,1/28/1992,0.05
NASDAQ,ARTW,5/2/1991,0.05
NASDAQ,ARTW,2/5/1991,0.05
NASDAQ,ARTW,10/24/1990,0.05
NASDAQ,ARTW,8/6/1990,0.05
NASDAQ,ASML,3/30/2009,0.27
NASDAQ,ASML,4/7/2008,0.371
NASDAQ,ASML,10/1/2007,2.84
NASDAQ,ADRD,12/18/2009,0.271
NASDAQ,ADRD,9/18/2009,0.168
NASDAQ,ADRD,6/19/2009,0.273
NASDAQ,ADRD,3/20/2009,0.105
NASDAQ,ADRD,12/19/2008,0.162
NASDAQ,ADRD,9/19/2008,0.18
NASDAQ,ADRD,6/20/2008,0.403
NASDAQ,ADRD,3/20/2008,0.184
NASDAQ,ADRD,12/27/2007,0.675
NASDAQ,ADRD,12/21/2007,0.134
NASDAQ,ADRD,9/21/2007,0.15
NASDAQ,ADRD,6/15/2007,0.356
NASDAQ,ADRD,3/16/2007,0.119
NASDAQ,ADRD,12/15/2006,0.124
NASDAQ,ADRD,9/15/2006,0.128
NASDAQ,ADRD,6/16/2006,0.32867
NASDAQ,ADRD,3/17/2006,0.097
NASDAQ,ADRD,12/16/2005,0.098
NASDAQ,ADRD,9/16/2005,0.111
NASDAQ,ADRD,6/17/2005,0.234
NASDAQ,ADRD,3/18/2005,0.12467
NASDAQ,ADRD,12/17/2004,0.08133
NASDAQ,ADRD,9/17/2004,0.08767
NASDAQ,ADRD,6/18/2004,0.17567
NASDAQ,ADRD,3/19/2004,0.08733
NASDAQ,ADRD,12/19/2003,0.05067
NASDAQ,ADRD,9/19/2003,0.083
NASDAQ,ADRD,6/20/2003,0.12833
NASDAQ,ADRD,3/21/2003,0.09167
NASDAQ,ADRD,12/20/2002,0.02433
NASDAQ,ANNB,1/30/2002,0.0075
NASDAQ,ANNB,10/31/2001,0.0075
NASDAQ,ANNB,4/26/2001,0.01125
NASDAQ,ANNB,2/1/2001,0.00563
NASDAQ,ANNB,11/1/2000,0.00563
NASDAQ,ANNB,7/31/2000,0.00563
NASDAQ,ANNB,4/26/2000,0.00563
NASDAQ,ANNB,2/3/2000,0.00563
NASDAQ,ANNB,10/27/1999,0.00563
NASDAQ,ADPT,5/14/2001,2.343
NASDAQ,ATX,10/30/1998,0.08
NASDAQ,ATX,7/31/1998,0.08
NASDAQ,ATX,5/1/1998,0.08
NASDAQ,ATX,1/15/1998,0.08
NASDAQ,ATX,10/31/1997,0.08
NASDAQ,ATX,8/1/1997,0.08
NASDAQ,ATX,5/2/1997,0.16
NASDAQ,ATX,1/16/1997,0.16
NASDAQ,ATX,11/1/1996,0.16
NASDAQ,ATX,8/2/1996,0.16
NASDAQ,ATX,5/3/1996,0.16
NASDAQ,ATX,1/23/1996,0.16
NASDAQ,ATX,10/31/1995,0.16
NASDAQ,ATX,8/1/1995,0.16
NASDAQ,ATX,5/3/1995,0.16
NASDAQ,ATX,1/20/1995,0.16
NASDAQ,ATX,10/28/1994,0.16
NASDAQ,ATX,7/29/1994,0.16
NASDAQ,ATX,5/3/1994,0.16
NASDAQ,ATX,1/21/1994,0.16
NASDAQ,ATX,10/29/1993,0.16
NASDAQ,ATX,7/30/1993,0.16
NASDAQ,ATX,4/30/1993,0.32
NASDAQ,ATX,1/22/1993,0.32
NASDAQ,ATX,10/30/1992,0.32
NASDAQ,ATX,7/31/1992,0.32
NASDAQ,ATX,5/1/1992,0.32
NASDAQ,ADRA,12/18/2009,0.086
NASDAQ,ADRA,9/18/2009,0.146
NASDAQ,ADRA,6/19/2009,0.141
NASDAQ,ADRA,3/20/2009,0.418
NASDAQ,ADRA,12/19/2008,0.208
NASDAQ,ADRA,9/19/2008,0.258
NASDAQ,ADRA,6/20/2008,0.15
NASDAQ,ADRA,3/20/2008,0.044
NASDAQ,ADRA,12/27/2007,0.242
NASDAQ,ADRA,12/21/2007,0.112
NASDAQ,ADRA,9/21/2007,0.169
NASDAQ,ADRA,6/15/2007,0.207
NASDAQ,ADRA,3/16/2007,0.033
NASDAQ,ADRA,12/15/2006,0.142
NASDAQ,ADRA,9/15/2006,0.121
NASDAQ,ADRA,6/16/2006,0.149
NASDAQ,ADRA,3/17/2006,0.02533
NASDAQ,ADRA,12/16/2005,0.14467
NASDAQ,ADRA,9/16/2005,0.05533
NASDAQ,ADRA,6/17/2005,0.176
NASDAQ,ADRA,3/18/2005,0.01833
NASDAQ,ADRA,12/31/2004,0.00933
NASDAQ,ADRA,12/17/2004,0.12167
NASDAQ,ADRA,9/17/2004,0.02533
NASDAQ,ADRA,6/18/2004,0.12867
NASDAQ,ADRA,3/19/2004,0.055
NASDAQ,ADRA,12/19/2003,0.10567
NASDAQ,ADRA,9/19/2003,0.006
NASDAQ,ADRA,6/20/2003,0.10733
NASDAQ,ADRA,3/21/2003,0.00733
NASDAQ,ADRA,12/31/2002,0.00767
NASDAQ,ADRA,12/20/2002,0.02833
NASDAQ,AAPL,11/21/1995,0.03
NASDAQ,AAPL,8/16/1995,0.03
NASDAQ,AAPL,5/26/1995,0.03
NASDAQ,AAPL,2/13/1995,0.03
NASDAQ,AAPL,11/18/1994,0.03
NASDAQ,AAPL,8/15/1994,0.03
NASDAQ,AAPL,5/27/1994,0.03
NASDAQ,AAPL,2/7/1994,0.03
NASDAQ,AAPL,11/19/1993,0.03
NASDAQ,AAPL,8/16/1993,0.03
NASDAQ,AAPL,5/28/1993,0.03
NASDAQ,AAPL,2/12/1993,0.03
NASDAQ,AAPL,11/30/1992,0.03
NASDAQ,AAPL,8/17/1992,0.03
NASDAQ,AAPL,6/1/1992,0.03
NASDAQ,AAPL,2/14/1992,0.03
NASDAQ,AAPL,11/18/1991,0.03
NASDAQ,AAPL,8/19/1991,0.03
NASDAQ,AAPL,5/20/1991,0.03
NASDAQ,AAPL,2/15/1991,0.03
NASDAQ,AAPL,11/16/1990,0.03
NASDAQ,AAPL,8/20/1990,0.0275
NASDAQ,AAPL,5/21/1990,0.0275
NASDAQ,AAPL,2/16/1990,0.0275
NASDAQ,AAPL,11/17/1989,0.0275
NASDAQ,AAPL,8/21/1989,0.025
NASDAQ,AAPL,5/22/1989,0.025
NASDAQ,AAPL,2/17/1989,0.025
NASDAQ,AAPL,11/21/1988,0.025
NASDAQ,AAPL,8/15/1988,0.02
NASDAQ,AAPL,5/16/1988,0.02
NASDAQ,AAPL,2/12/1988,0.02
NASDAQ,AAPL,11/17/1987,0.02
NASDAQ,AAPL,8/10/1987,0.015
NASDAQ,AAPL,5/11/1987,0.015
NASDAQ,AFFM,12/12/2008,0.02
NASDAQ,AFFM,9/11/2008,0.02
NASDAQ,AFFM,6/12/2008,0.02
NASDAQ,AFFM,3/18/2008,0.02
NASDAQ,AFFM,12/12/2007,0.02
NASDAQ,AFFM,9/12/2007,0.02
NASDAQ,AFFM,6/13/2007,0.02
NASDAQ,AFFM,3/21/2007,0.02
NASDAQ,AFFM,12/13/2006,0.02
NASDAQ,AFFM,9/13/2006,0.02
NASDAQ,AFFM,7/17/2006,0.02
NASDAQ,AFFM,3/17/2006,0.02
NASDAQ,AFFM,11/29/2005,0.02
NASDAQ,AFFM,8/30/2005,0.02
NASDAQ,AFFM,5/27/2005,0.02
NASDAQ,AFFM,2/25/2005,0.02
NASDAQ,AFFM,11/29/2004,0.02
NASDAQ,AMTCP,3/27/2009,0.281
NASDAQ,AMTCP,12/29/2008,0.281
NASDAQ,AMTCP,10/7/2008,0.281
NASDAQ,AMTCP,6/26/2008,0.281
NASDAQ,AMTCP,3/27/2008,0.281
NASDAQ,AMTCP,12/26/2007,0.281
NASDAQ,AMTCP,9/26/2007,0.281
NASDAQ,AMTCP,6/27/2007,0.281
NASDAQ,AMTCP,3/28/2007,0.281
NASDAQ,AMTCP,12/27/2006,0.281
NASDAQ,AMTCP,9/27/2006,0.281
NASDAQ,AMTCP,6/28/2006,0.281
NASDAQ,AMTCP,3/29/2006,0.281
NASDAQ,AMTCP,12/28/2005,0.281
NASDAQ,AMTCP,9/28/2005,0.281
NASDAQ,AMTCP,6/28/2005,0.281
NASDAQ,AMTCP,3/30/2005,0.281
NASDAQ,AMTCP,12/29/2004,0.281
NASDAQ,AMTCP,9/28/2004,0.281
NASDAQ,AMTCP,7/13/2004,0.281
NASDAQ,AMTCP,3/29/2004,0.281
NASDAQ,AMTCP,1/8/2004,0.281
NASDAQ,ALLB,2/3/2010,0.03
NASDAQ,ALLB,11/4/2009,0.03
NASDAQ,ALLB,8/5/2009,0.03
NASDAQ,ALLB,5/6/2009,0.03
NASDAQ,ALLB,2/4/2009,0.03
NASDAQ,ALLB,11/5/2008,0.06
NASDAQ,ALLB,7/30/2008,0.06
NASDAQ,ALLB,5/7/2008,0.06
NASDAQ,ALLB,2/6/2008,0.06
NASDAQ,ALLB,10/31/2007,0.05
NASDAQ,ALLB,8/1/2007,0.05
NASDAQ,ALLB,5/9/2007,0.05
NASDAQ,ALLB,2/12/2007,0.04
NASDAQ,ALLB,11/1/2006,0.04287
NASDAQ,ALLB,8/2/2006,0.04287
NASDAQ,ALLB,5/9/2006,0.04287
NASDAQ,ALLB,1/31/2006,0.04287
NASDAQ,ALLB,11/1/2005,0.04287
NASDAQ,ALLB,8/3/2005,0.04287
NASDAQ,ALLB,5/11/2005,0.04287
NASDAQ,ALLB,2/2/2005,0.04287
NASDAQ,ALLB,11/3/2004,0.04287
NASDAQ,ALLB,8/3/2004,0.04287
NASDAQ,ALLB,5/11/2004,0.04287
NASDAQ,ALLB,2/4/2004,0.04287
NASDAQ,ALLB,11/5/2003,0.04287
NASDAQ,ALLB,8/5/2003,0.04287
NASDAQ,ALLB,5/6/2003,0.04287
NASDAQ,ALLB,2/12/2003,0.04287
NASDAQ,ALLB,10/29/2002,0.04287
NASDAQ,ALLB,8/7/2002,0.04287
NASDAQ,ALLB,5/7/2002,0.04287
NASDAQ,ALLB,2/5/2002,0.04287
NASDAQ,ALLB,10/30/2001,0.04287
NASDAQ,ALLB,7/31/2001,0.04287
NASDAQ,ALLB,5/8/2001,0.04287
NASDAQ,ALLB,2/5/2001,0.04082
NASDAQ,ALLB,10/31/2000,0.04082
NASDAQ,ALLB,8/1/2000,0.04082
NASDAQ,ALLB,5/9/2000,0.04082
NASDAQ,ALLB,2/7/2000,0.04082
NASDAQ,ALLB,11/2/1999,0.04082
NASDAQ,ALLB,8/3/1999,0.04082
NASDAQ,ALLB,5/10/1999,0.04082
NASDAQ,ALLB,2/2/1999,0.04082
NASDAQ,ALLB,11/3/1998,0.04082
NASDAQ,ALLB,8/4/1998,0.04082
NASDAQ,ALLB,5/5/1998,0.04082
NASDAQ,ALLB,2/3/1998,0.04082
NASDAQ,ALLB,11/5/1997,0.04082
NASDAQ,ALLB,8/13/1997,0.04082
NASDAQ,ALLB,5/13/1997,0.04082
NASDAQ,ALLB,2/6/1997,0.04082
NASDAQ,ALLB,10/31/1996,0.04082
NASDAQ,ALLB,7/29/1996,0.04082
NASDAQ,ALLB,5/6/1996,0.04082
NASDAQ,ALLB,1/30/1996,0.04082
NASDAQ,ALLB,10/30/1995,0.03992
NASDAQ,ALLB,6/13/1995,0.03992
NASDAQ,APAGF,1/6/2010,0.02
NASDAQ,APAGF,10/15/2009,0.02
NASDAQ,APAGF,7/22/2009,0.02
NASDAQ,APAGF,4/21/2009,0.02
NASDAQ,APAGF,1/6/2009,0.088
NASDAQ,APAGF,10/15/2008,0.088
NASDAQ,APAGF,7/23/2008,0.088
NASDAQ,APAGF,4/17/2008,0.088
NASDAQ,APAGF,1/4/2008,0.088
NASDAQ,APAGF,10/15/2007,0.0875
NASDAQ,APAGF,7/13/2007,0.0875
NASDAQ,APAGF,4/17/2007,0.0875
NASDAQ,APAGF,1/5/2007,0.0875
NASDAQ,APAGF,10/13/2006,0.0875
NASDAQ,APAGF,7/13/2006,0.075
NASDAQ,APAGF,3/30/2006,0.075
NASDAQ,APAGF,1/6/2006,0.0625
NASDAQ,APAGF,10/14/2005,0.0625
NASDAQ,APAGF,7/15/2005,0.04075
NASDAQ,APAGF,3/31/2005,0.04075
NASDAQ,APAGF,1/6/2005,0.04075
NASDAQ,APAGF,10/15/2004,0.04075
NASDAQ,APAGF,7/14/2004,0.04075
NASDAQ,APAGF,4/14/2004,0.04075
NASDAQ,APAGF,1/9/2004,0.04075
NASDAQ,APAGF,10/9/2003,0.04075
NASDAQ,APAGF,7/10/2003,0.04075
NASDAQ,APAGF,4/10/2003,0.04075
NASDAQ,APAGF,1/10/2003,0.04075
NASDAQ,APAGF,10/10/2002,0.04075
NASDAQ,APAGF,7/11/2002,0.04075
NASDAQ,APAGF,4/11/2002,0.04075
NASDAQ,APAGF,1/14/2002,0.04075
NASDAQ,APAGF,10/10/2001,0.04075
NASDAQ,APAGF,7/11/2001,0.04075
NASDAQ,APAGF,4/10/2001,0.04075
NASDAQ,APAGF,12/22/2000,0.04075
NASDAQ,APAGF,6/29/2000,0.04075
NASDAQ,APAGF,4/12/2000,0.04075
NASDAQ,APAGF,12/23/1999,0.04075
NASDAQ,APAGF,9/29/1999,0.04075
NASDAQ,APAGF,7/2/1999,0.04075
NASDAQ,APAGF,4/8/1999,0.0405
NASDAQ,APAGF,12/29/1998,0.0405
NASDAQ,APAGF,9/30/1998,0.0405
NASDAQ,APAGF,6/30/1998,0.0405
NASDAQ,APAGF,4/1/1998,0.0405
NASDAQ,APAGF,10/1/1997,0.0405
NASDAQ,APAGF,7/1/1997,0.0405
NASDAQ,APAGF,4/2/1997,0.0405
NASDAQ,APAGF,10/2/1996,0.0405
NASDAQ,APAGF,7/2/1996,0.0405
NASDAQ,APAGF,4/2/1996,0.0405
NASDAQ,APAGF,1/3/1996,0.0405
NASDAQ,APAGF,9/28/1995,0.0405
NASDAQ,APAGF,7/5/1995,0.08125
NASDAQ,APAGF,4/3/1995,0.08125
NASDAQ,APAGF,12/21/1994,0.08125
NASDAQ,APAGF,9/20/1994,0.08125
NASDAQ,APAGF,6/27/1994,0.08125
NASDAQ,APAGF,4/4/1994,0.08125
NASDAQ,APAGF,12/27/1993,0.08125
NASDAQ,APAGF,9/13/1993,0.08125
NASDAQ,APAGF,6/28/1993,0.08125
NASDAQ,APAGF,4/2/1993,0.08125
NASDAQ,AVCA,12/29/2009,0.05
NASDAQ,AVCA,9/28/2009,0.05
NASDAQ,AVCA,8/13/2009,0.05
NASDAQ,ASRV,11/10/2008,0.025
NASDAQ,ASRV,12/2/2002,0.03
NASDAQ,ASRV,8/30/2002,0.09
NASDAQ,ASRV,6/3/2002,0.09
NASDAQ,ASRV,3/1/2002,0.09
NASDAQ,ASRV,11/26/2001,0.09
NASDAQ,ASRV,8/31/2001,0.09
NASDAQ,ASRV,6/4/2001,0.09
NASDAQ,ASRV,3/2/2001,0.09
NASDAQ,ASRV,11/27/2000,0.09
NASDAQ,ASRV,9/1/2000,0.09
NASDAQ,ASRV,6/5/2000,0.09
NASDAQ,ASRV,3/3/2000,0.15
NASDAQ,ASRV,11/24/1999,0.15
NASDAQ,ASRV,9/3/1999,0.15
NASDAQ,ASRV,6/7/1999,0.15
NASDAQ,ASRV,3/5/1999,0.14
NASDAQ,ASRV,12/28/1998,0.14
NASDAQ,ASRV,11/25/1998,0.14
NASDAQ,ASRV,9/4/1998,0.14
NASDAQ,ASRV,6/1/1998,0.14
NASDAQ,ASRV,3/6/1998,0.11667
NASDAQ,ASRV,12/29/1997,0.11667
NASDAQ,ASRV,12/1/1997,0.11667
NASDAQ,ASRV,8/29/1997,0.11667
NASDAQ,ASRV,6/2/1997,0.11667
NASDAQ,ASRV,3/7/1997,0.1
NASDAQ,ASRV,12/30/1996,0.1
NASDAQ,ASRV,12/2/1996,0.1
NASDAQ,ASRV,8/30/1996,0.1
NASDAQ,ASRV,6/3/1996,0.1
NASDAQ,ASRV,3/1/1996,0.09
NASDAQ,ASRV,11/27/1995,0.09
NASDAQ,ASRV,9/1/1995,0.09
NASDAQ,ASRV,6/1/1995,0.08333
NASDAQ,ASRV,3/1/1995,0.08333
NASDAQ,ASRV,11/23/1994,0.08333
NASDAQ,ASRV,8/31/1994,0.08333
NASDAQ,ASRV,6/13/1994,0.08333
NASDAQ,ASRV,3/2/1994,0.07333
NASDAQ,ASRV,11/26/1993,0.07333
NASDAQ,ASRV,9/1/1993,0.06667
NASDAQ,ASRV,5/4/1993,0.06667
NASDAQ,ASRV,3/3/1993,0.06667
NASDAQ,ASRV,11/25/1992,0.06667
NASDAQ,ASRV,9/1/1992,0.06667
NASDAQ,ASRV,5/28/1992,0.06667
NASDAQ,ASRV,3/4/1992,0.05
NASDAQ,ASRV,11/27/1991,0.03333
NASDAQ,ASRV,5/29/1991,0.03333
NASDAQ,ASRV,11/29/1990,0.00833
NASDAQ,ACAS,10/2/2008,1.05
NASDAQ,ACAS,6/11/2008,1.03
NASDAQ,ACAS,3/5/2008,1.01
NASDAQ,ACAS,12/5/2007,1
NASDAQ,ACAS,9/5/2007,0.92
NASDAQ,ACAS,6/7/2007,0.91
NASDAQ,ACAS,2/28/2007,0.89
NASDAQ,ACAS,12/4/2006,0.88
NASDAQ,ACAS,9/1/2006,0.83
NASDAQ,ACAS,5/25/2006,0.82
NASDAQ,ACAS,2/24/2006,0.8
NASDAQ,ACAS,12/29/2005,0.03
NASDAQ,ACAS,12/5/2005,0.79
NASDAQ,ACAS,8/24/2005,0.78
NASDAQ,ACAS,5/12/2005,0.75
NASDAQ,ACAS,2/23/2005,0.73
NASDAQ,ACAS,12/29/2004,0.06
NASDAQ,ACAS,11/10/2004,0.73
NASDAQ,ACAS,8/12/2004,0.72
NASDAQ,ACAS,5/14/2004,0.7
NASDAQ,ACAS,2/20/2004,0.7
NASDAQ,ACAS,12/29/2003,0.06
NASDAQ,ACAS,12/12/2003,0.69
NASDAQ,ACAS,9/16/2003,0.69
NASDAQ,ACAS,6/10/2003,0.68
NASDAQ,ACAS,3/10/2003,0.67
NASDAQ,ACAS,12/27/2002,0.02
NASDAQ,ACAS,12/10/2002,0.67
NASDAQ,ACAS,9/10/2002,0.66
NASDAQ,ACAS,6/10/2002,0.63
NASDAQ,ACAS,3/13/2002,0.59
NASDAQ,ACAS,12/27/2001,0.09
NASDAQ,ACAS,12/10/2001,0.57
NASDAQ,ACAS,9/10/2001,0.56
NASDAQ,ACAS,5/30/2001,0.55
NASDAQ,ACAS,3/13/2001,0.53
NASDAQ,ACAS,12/27/2000,0.22
NASDAQ,ACAS,12/8/2000,0.52
NASDAQ,ACAS,9/13/2000,0.49
NASDAQ,ACAS,5/15/2000,0.49
NASDAQ,ACAS,3/13/2000,0.45
NASDAQ,ACAS,12/28/1999,0.03
NASDAQ,ACAS,12/13/1999,0.44
NASDAQ,ACAS,8/19/1999,0.43
NASDAQ,ACAS,6/17/1999,0.43
NASDAQ,ACAS,3/22/1999,0.41
NASDAQ,ACAS,12/29/1998,0.37
NASDAQ,ACAS,12/17/1998,0.37
NASDAQ,ACAS,9/16/1998,0.32
NASDAQ,ACAS,6/19/1998,0.29
NASDAQ,ACAS,3/13/1998,0.25
NASDAQ,ALSK,12/29/2009,0.215
NASDAQ,ALSK,9/28/2009,0.215
NASDAQ,ALSK,6/26/2009,0.215
NASDAQ,ALSK,3/27/2009,0.215
NASDAQ,ALSK,12/29/2008,0.215
NASDAQ,ALSK,9/26/2008,0.215
NASDAQ,ALSK,6/26/2008,0.215
NASDAQ,ALSK,3/27/2008,0.215
NASDAQ,ALSK,12/27/2007,0.215
NASDAQ,ALSK,9/26/2007,0.215
NASDAQ,ALSK,6/27/2007,0.215
NASDAQ,ALSK,3/28/2007,0.215
NASDAQ,ALSK,12/27/2006,0.215
NASDAQ,ALSK,9/27/2006,0.215
NASDAQ,ALSK,6/28/2006,0.215
NASDAQ,ALSK,3/29/2006,0.215
NASDAQ,ALSK,12/28/2005,0.2
NASDAQ,ALSK,9/28/2005,0.2
NASDAQ,ALSK,6/28/2005,0.2
NASDAQ,ALSK,3/29/2005,0.2
NASDAQ,ALSK,12/29/2004,0.185
NASDAQ,AAON,12/10/2009,0.18
NASDAQ,AAON,6/9/2009,0.18
NASDAQ,AAON,12/10/2008,0.16
NASDAQ,AAON,6/10/2008,0.16
NASDAQ,AAON,12/11/2007,0.16
NASDAQ,AAON,6/7/2007,0.13333
NASDAQ,AAON,12/11/2006,0.13333
NASDAQ,AAON,6/8/2006,0.13333
NASDAQ,ADTN,2/2/2010,0.09
NASDAQ,ADTN,10/27/2009,0.09
NASDAQ,ADTN,7/28/2009,0.09
NASDAQ,ADTN,4/28/2009,0.09
NASDAQ,ADTN,2/3/2009,0.09
NASDAQ,ADTN,10/28/2008,0.09
NASDAQ,ADTN,7/29/2008,0.09
NASDAQ,ADTN,4/29/2008,0.09
NASDAQ,ADTN,2/5/2008,0.09
NASDAQ,ADTN,10/30/2007,0.09
NASDAQ,ADTN,7/31/2007,0.09
NASDAQ,ADTN,5/1/2007,0.09
NASDAQ,ADTN,2/6/2007,0.09
NASDAQ,ADTN,10/31/2006,0.09
NASDAQ,ADTN,8/2/2006,0.09
NASDAQ,ADTN,5/2/2006,0.09
NASDAQ,ADTN,2/3/2006,0.09
NASDAQ,ADTN,11/2/2005,0.09
NASDAQ,ADTN,8/3/2005,0.09
NASDAQ,ADTN,5/3/2005,0.08
NASDAQ,ADTN,2/2/2005,0.08
NASDAQ,ADTN,10/29/2004,0.08
NASDAQ,ADTN,7/30/2004,0.08
NASDAQ,ADTN,4/30/2004,0.08
NASDAQ,ADTN,1/30/2004,0.08
NASDAQ,ADTN,10/29/2003,0.075
NASDAQ,ADTN,7/29/2003,1.075
NASDAQ,ASGR,11/16/2009,0.05
NASDAQ,ASGR,8/17/2009,0.05
NASDAQ,AMTC,2/21/2008,0.01
NASDAQ,AMTC,11/15/2007,0.01
NASDAQ,AMTC,1/15/2003,0.1
NASDAQ,AMTC,10/3/2002,0.17
NASDAQ,AMTC,3/21/2002,0.12
NASDAQ,AMTC,1/17/2002,0.18
NASDAQ,AMTC,10/18/2001,0.27
NASDAQ,AMTC,5/23/2001,0.113
NASDAQ,AMTC,1/17/2001,0.19
NASDAQ,AMTC,4/19/2000,0.19
NASDAQ,AMTC,1/18/2000,0.18
NASDAQ,AMTC,10/12/1999,0.18
NASDAQ,AMTC,7/6/1999,0.18
NASDAQ,AMTC,4/8/1999,0.18
NASDAQ,ACET,12/22/2009,0.1
NASDAQ,ACET,6/11/2009,0.1
NASDAQ,ACET,12/17/2008,0.1
NASDAQ,ACET,6/12/2008,0.1
NASDAQ,ACET,2/20/2008,0.05
NASDAQ,ACET,12/19/2007,0.1
NASDAQ,ACET,6/14/2007,0.1
NASDAQ,ACET,12/20/2006,0.075
NASDAQ,ACET,6/15/2006,0.075
NASDAQ,ACET,12/21/2005,0.075
NASDAQ,ACET,6/16/2005,0.075
NASDAQ,ACET,12/21/2004,0.05
NASDAQ,ACET,6/10/2004,0.05667
NASDAQ,ACET,12/15/2003,0.03778
NASDAQ,ACET,6/12/2003,0.05111
NASDAQ,ACET,12/16/2002,0.03407
NASDAQ,ACET,6/13/2002,0.04741
NASDAQ,ACET,12/17/2001,0.04741
NASDAQ,ACET,6/14/2001,0.04741
NASDAQ,ACET,12/15/2000,0.04445
NASDAQ,ACET,6/15/2000,0.04445
NASDAQ,ACET,12/16/1999,0.04445
NASDAQ,ACET,6/11/1999,0.01926
NASDAQ,ACET,12/17/1998,0.01926
NASDAQ,ACET,6/12/1998,0.01926
NASDAQ,ACET,12/15/1997,0.01778
NASDAQ,ACET,6/12/1997,0.01778
NASDAQ,ACET,12/12/1996,0.01778
NASDAQ,ACET,6/13/1996,0.01778
NASDAQ,ACET,12/14/1995,0.01778
NASDAQ,ACET,6/15/1995,0.01778
NASDAQ,ACET,12/12/1994,0.01778
NASDAQ,ACET,6/14/1994,0.0158
NASDAQ,ACET,12/13/1993,0.0158
NASDAQ,ACET,6/15/1993,0.01383
NASDAQ,ACET,12/14/1992,0.01383
NASDAQ,ACET,6/16/1992,0.01383
NASDAQ,ACET,12/9/1991,0.01383
NASDAQ,ACET,6/4/1991,0.01383
NASDAQ,ACET,12/10/1990,0.01383
NASDAQ,ACET,6/5/1990,0.03161
NASDAQ,ABBC,12/4/2009,0.05
NASDAQ,ABBC,9/4/2009,0.05
NASDAQ,ABBC,6/8/2009,0.05
NASDAQ,ABBC,3/9/2009,0.05
NASDAQ,ABBC,12/5/2008,0.05
NASDAQ,ABBC,9/8/2008,0.05
NASDAQ,ABBC,6/9/2008,0.05
NASDAQ,ABBC,3/10/2008,0.05
NASDAQ,ABBC,12/10/2007,0.045
NASDAQ,ABBC,8/31/2007,0.045
NASDAQ,ABBC,6/4/2007,0.07
NASDAQ,ABBC,3/12/2007,0.06
NASDAQ,ABBC,12/11/2006,0.06
NASDAQ,ABBC,9/1/2006,0.06
NASDAQ,ABBC,6/5/2006,0.06
NASDAQ,ABBC,3/6/2006,0.05
NASDAQ,ABBC,12/5/2005,0.05
NASDAQ,ABBC,9/2/2005,0.05
NASDAQ,ABBC,6/6/2005,0.05
NASDAQ,ARKR,12/11/2009,0.25
NASDAQ,ARKR,10/22/2008,0.44
NASDAQ,ARKR,7/22/2008,0.44
NASDAQ,ARKR,4/22/2008,0.44
NASDAQ,ARKR,1/17/2008,0.44
NASDAQ,ARKR,10/18/2007,0.44
NASDAQ,ARKR,7/23/2007,0.44
NASDAQ,ARKR,4/20/2007,0.35
NASDAQ,ARKR,1/22/2007,3.35
NASDAQ,ARKR,10/18/2006,0.35
NASDAQ,ARKR,7/21/2006,0.35
NASDAQ,ARKR,4/20/2006,0.35
NASDAQ,ARKR,1/20/2006,0.35
NASDAQ,ARKR,10/19/2005,0.35
NASDAQ,ARKR,7/21/2005,0.35
NASDAQ,ARKR,4/21/2005,0.35
NASDAQ,ARKR,1/20/2005,0.35
NASDAQ,ARKR,10/20/2004,0.35
NASDAQ,ASEI,11/19/2009,0.2
NASDAQ,ASEI,8/20/2009,0.2
NASDAQ,ASEI,5/21/2009,0.2
NASDAQ,ASEI,2/11/2009,0.2
NASDAQ,ASEI,11/13/2008,0.2
NASDAQ,ASEI,8/14/2008,0.2
NASDAQ,ASEI,5/15/2008,0.2
NASDAQ,ASEI,2/13/2008,0.2
NASDAQ,ASEI,11/15/2007,0.2
NASDAQ,ASEI,8/20/2007,0.2
NASDAQ,ASEI,8/16/2007,0.2
NASDAQ,AIXG,5/18/2009,0.124
NASDAQ,AIXG,5/12/2008,0.108
NASDAQ,ALTR,2/8/2010,0.05
NASDAQ,ALTR,11/6/2009,0.05
NASDAQ,ALTR,8/6/2009,0.05
NASDAQ,ALTR,5/7/2009,0.05
NASDAQ,ALTR,2/6/2009,0.05
NASDAQ,ALTR,11/6/2008,0.05
NASDAQ,ALTR,8/7/2008,0.05
NASDAQ,ALTR,5/8/2008,0.05
NASDAQ,ALTR,2/7/2008,0.04
NASDAQ,ALTR,11/7/2007,0.04
NASDAQ,ALTR,8/8/2007,0.04
NASDAQ,ALTR,5/8/2007,0.04
NASDAQ,ALOT,12/9/2009,0.06
NASDAQ,ALOT,9/9/2009,0.06
NASDAQ,ALOT,6/10/2009,0.06
NASDAQ,ALOT,3/18/2009,0.06
NASDAQ,ALOT,12/10/2008,0.06
NASDAQ,ALOT,9/10/2008,0.06
NASDAQ,ALOT,6/11/2008,0.06
NASDAQ,ALOT,3/18/2008,0.05
NASDAQ,ALOT,12/12/2007,0.05
NASDAQ,ALOT,9/5/2007,0.05
NASDAQ,ALOT,6/13/2007,0.05
NASDAQ,ALOT,3/21/2007,0.05
NASDAQ,ALOT,12/6/2006,0.05
NASDAQ,ALOT,9/6/2006,0.05
NASDAQ,ALOT,6/14/2006,0.04
NASDAQ,ALOT,3/22/2006,0.04
NASDAQ,ALOT,12/7/2005,0.032
NASDAQ,ALOT,9/7/2005,0.032
NASDAQ,ALOT,6/15/2005,0.032
NASDAQ,ALOT,3/22/2005,0.032
NASDAQ,ALOT,12/8/2004,0.032
NASDAQ,ALOT,9/8/2004,0.032
NASDAQ,ALOT,6/16/2004,0.032
NASDAQ,ALOT,3/24/2004,0.02909
NASDAQ,ALOT,12/10/2003,0.02909
NASDAQ,ALOT,9/10/2003,0.02909
NASDAQ,ALOT,6/11/2003,0.02909
NASDAQ,ALOT,3/26/2003,0.02909
NASDAQ,ALOT,12/11/2002,0.02909
NASDAQ,ALOT,9/11/2002,0.02909
NASDAQ,ALOT,6/12/2002,0.02909
NASDAQ,ALOT,3/26/2002,0.02909
NASDAQ,ALOT,12/12/2001,0.02909
NASDAQ,ALOT,6/13/2001,0.02909
NASDAQ,ALOT,12/13/2000,0.02909
NASDAQ,ALOT,9/13/2000,0.02909
NASDAQ,ALOT,6/14/2000,0.02909
NASDAQ,ALOT,3/21/2000,0.02909
NASDAQ,ALOT,12/15/1999,0.02909
NASDAQ,ALOT,9/15/1999,0.02909
NASDAQ,ALOT,6/16/1999,0.02909
NASDAQ,ALOT,3/25/1999,0.02909
NASDAQ,ALOT,12/16/1998,0.02909
NASDAQ,ALOT,9/16/1998,0.02909
NASDAQ,ALOT,6/17/1998,0.02909
NASDAQ,ALOT,3/23/1998,0.02909
NASDAQ,ALOT,12/17/1997,0.02909
NASDAQ,ALOT,9/17/1997,0.02909
NASDAQ,ALOT,6/11/1997,0.02909
NASDAQ,ALOT,3/26/1997,0.02182
NASDAQ,ALOT,12/18/1996,0.02182
NASDAQ,ALOT,9/18/1996,0.02182
NASDAQ,ALOT,6/12/1996,0.02182
NASDAQ,ALOT,3/20/1996,0.02182
NASDAQ,ALOT,12/20/1995,0.02182
NASDAQ,ALOT,9/19/1995,0.02182
NASDAQ,ALOT,6/13/1995,0.02182
NASDAQ,ALOT,3/15/1995,0.02182
NASDAQ,ALOT,12/19/1994,0.02182
NASDAQ,ALOT,9/16/1994,0.02182
NASDAQ,ALOT,6/20/1994,0.02182
NASDAQ,ALOT,3/16/1994,0.02182
NASDAQ,ALOT,9/7/1993,0.02182
NASDAQ,ALOT,6/7/1993,0.02182
NASDAQ,ALOT,3/15/1993,0.02182
NASDAQ,ALOT,12/7/1992,0.02182
NASDAQ,ALOT,9/8/1992,0.02182
NASDAQ,ALOT,6/4/1992,0.02182
NASDAQ,ALOT,3/16/1992,0.01454
NASDAQ,ALOT,12/6/1991,0.01454
NASDAQ,ALOT,9/9/1991,0.01454
NASDAQ,ALOT,5/10/1991,0.01454
NASDAQ,ATNI,12/29/2009,0.2
NASDAQ,ATNI,10/1/2009,0.2
NASDAQ,ATNI,6/26/2009,0.18
NASDAQ,ATNI,3/27/2009,0.18
NASDAQ,ATNI,12/29/2008,0.18
NASDAQ,ATNI,9/30/2008,0.18
NASDAQ,ATNI,6/26/2008,0.16
NASDAQ,ATNI,3/27/2008,0.16
NASDAQ,ATNI,1/3/2008,0.16
NASDAQ,ATNI,9/27/2007,0.16
NASDAQ,ATNI,6/27/2007,0.14
NASDAQ,ATNI,3/28/2007,0.14
NASDAQ,ATNI,12/27/2006,0.14
NASDAQ,ATNI,9/27/2006,0.14
NASDAQ,ATNI,6/8/2006,0.12
NASDAQ,ATNI,3/16/2006,0.12
NASDAQ,ATNI,12/28/2005,0.12
NASDAQ,ATNI,9/28/2005,0.12
NASDAQ,ATNI,6/28/2005,0.11
NASDAQ,ATNI,3/29/2005,0.11
NASDAQ,ATNI,12/29/2004,0.11
NASDAQ,ATNI,9/28/2004,0.1092
NASDAQ,ATNI,6/28/2004,0.1
NASDAQ,ATNI,3/31/2004,0.1
NASDAQ,ATNI,12/29/2003,0.1
NASDAQ,ATNI,9/26/2003,0.1
NASDAQ,ATNI,6/26/2003,0.09
NASDAQ,ATNI,4/2/2003,0.09
NASDAQ,ATNI,12/24/2002,0.09
NASDAQ,ATNI,9/25/2002,0.09
NASDAQ,ATNI,6/26/2002,0.08
NASDAQ,ATNI,3/26/2002,0.08
NASDAQ,ATNI,12/26/2001,0.08
NASDAQ,ATNI,9/26/2001,0.08
NASDAQ,ATNI,6/27/2001,0.08
NASDAQ,ATNI,3/28/2001,0.08
NASDAQ,ATNI,1/17/2001,0.07
NASDAQ,ATNI,9/27/2000,0.07
NASDAQ,ATNI,6/28/2000,0.07
NASDAQ,ATNI,3/29/2000,0.07
NASDAQ,ATNI,12/29/1999,0.06
NASDAQ,ATNI,9/28/1999,0.06
NASDAQ,ATNI,6/28/1999,0.06
NASDAQ,ATNI,3/29/1999,0.06
NASDAQ,ATNI,12/24/1998,0.06
NASDAQ,ATNI,6/9/1993,0.04
NASDAQ,ATNI,3/11/1993,0.04
NASDAQ,ATNI,12/11/1992,0.032
NASDAQ,ATNI,9/9/1992,0.032
NASDAQ,ATNI,5/22/1992,0.032
NASDAQ,ATNI,3/4/1992,0.032
NASDAQ,ATEA,7/3/2000,10.25
NASDAQ,ARMH,9/2/2009,0.048
NASDAQ,ARMH,4/29/2009,0.059
NASDAQ,ARMH,9/3/2008,0.049
NASDAQ,ARMH,4/30/2008,0.07
NASDAQ,ARMH,8/29/2007,0.049
NASDAQ,ARMH,5/2/2007,0.035
NASDAQ,ARMH,8/30/2006,0.023
NASDAQ,ARMH,3/29/2006,0.026
NASDAQ,ARMH,8/31/2005,0.018
NASDAQ,ARMH,3/30/2005,0.024
NASDAQ,ARMH,9/1/2004,0.016
NASDAQ,ARMH,3/31/2004,0.033
NASDAQ,ATRO,10/2/2008,5.5
NASDAQ,ATRO,3/17/2003,2.975
NASDAQ,ATRO,11/14/2001,3.813
NASDAQ,ATRO,10/13/2000,0.9
NASDAQ,ATRO,1/25/1995,0.00145
NASDAQ,ATRO,1/25/1994,0.00145
NASDAQ,ASBI,12/9/2009,0.01
NASDAQ,ASBI,9/9/2009,0.01
NASDAQ,ASBI,6/10/2009,0.04
NASDAQ,ASBI,3/11/2009,0.04
NASDAQ,ASBI,12/10/2008,0.04
NASDAQ,ASBI,9/10/2008,0.04
NASDAQ,ASBI,6/11/2008,0.04
NASDAQ,ASBI,3/12/2008,0.04
NASDAQ,ASBI,12/12/2007,0.04
NASDAQ,ASBI,9/12/2007,0.04
NASDAQ,ASBI,6/13/2007,0.04
NASDAQ,ASBI,3/22/2007,0.04
NASDAQ,ASBI,12/13/2006,0.04
NASDAQ,ASBI,9/13/2006,0.16
NASDAQ,ASBI,6/14/2006,0.16
NASDAQ,ASBI,3/15/2006,0.16
NASDAQ,ASBI,12/28/2005,0.16
NASDAQ,ASBI,9/14/2005,0.16
NASDAQ,ASBI,6/8/2005,0.16
NASDAQ,ASBI,3/9/2005,0.16
NASDAQ,ASBI,12/15/2004,0.16
NASDAQ,ASBI,9/15/2004,0.16
NASDAQ,ASBI,6/9/2004,0.16
NASDAQ,ASBI,3/10/2004,0.16
NASDAQ,ASBI,12/11/2003,0.16
NASDAQ,ASBI,9/10/2003,0.16
NASDAQ,ASBI,6/11/2003,0.16
NASDAQ,ASBI,3/12/2003,0.16
NASDAQ,ASBI,12/11/2002,0.16
NASDAQ,ASBI,9/11/2002,0.16
NASDAQ,ASBI,6/12/2002,0.16
NASDAQ,ASBI,3/13/2002,0.16
NASDAQ,ASBI,12/12/2001,0.16
NASDAQ,ASBI,6/13/2001,0.15
NASDAQ,ASBI,3/14/2001,0.15
NASDAQ,ASBI,12/13/2000,0.15
NASDAQ,ASBI,9/13/2000,0.15
NASDAQ,ASBI,6/14/2000,0.15
NASDAQ,ASBI,3/15/2000,0.15
NASDAQ,ASBI,12/15/1999,0.15
NASDAQ,ASBI,9/15/1999,0.15
NASDAQ,ASBI,6/9/1999,0.15
NASDAQ,ASBI,3/10/1999,0.15
NASDAQ,ASBI,12/16/1998,0.145
NASDAQ,ASBI,9/9/1998,0.14545
NASDAQ,ASBI,6/10/1998,0.14545
NASDAQ,ASBI,3/11/1998,0.14545
NASDAQ,ASBI,12/10/1997,0.14545
NASDAQ,ASBI,9/10/1997,0.14545
NASDAQ,ASBI,6/11/1997,0.13636
NASDAQ,ASBI,3/12/1997,0.13636
NASDAQ,ASBI,12/11/1996,0.13636
NASDAQ,ASBI,9/11/1996,0.12727
NASDAQ,ASBI,6/12/1996,0.12727
NASDAQ,ASBI,3/13/1996,0.15545
NASDAQ,ASBI,12/13/1995,0.11591
NASDAQ,ASBI,9/13/1995,0.11591
NASDAQ,ASBI,6/14/1995,0.10227
NASDAQ,ASBI,3/13/1995,0.10227
NASDAQ,ASBI,12/23/1994,0.10227
NASDAQ,ASBI,12/12/1994,0.10227
NASDAQ,ASBI,9/12/1994,0.10227
NASDAQ,ASBI,6/13/1994,0.10227
NASDAQ,ASBI,3/14/1994,0.10227
NASDAQ,ASBI,12/13/1993,0.10227
NASDAQ,ASBI,9/13/1993,0.09091
NASDAQ,ASBI,6/14/1993,0.09091
NASDAQ,ASBI,3/15/1993,0.08182
NASDAQ,ASBI,12/14/1992,0.08182
NASDAQ,ASBI,9/14/1992,0.08182
NASDAQ,ASBI,6/8/1992,0.07273
NASDAQ,ASBI,3/16/1992,0.07273
NASDAQ,ASBI,12/16/1991,0.07273
NASDAQ,ASBI,9/16/1991,0.06364
NASDAQ,ASBI,6/10/1991,0.06364
NASDAQ,ASBI,3/18/1991,0.06364
NASDAQ,ASBI,12/17/1990,0.05455
NASDAQ,ASBI,9/17/1990,0.05455
NASDAQ,ASBI,6/12/1990,0.05455
NASDAQ,ASBI,12/11/1989,0.04545
NASDAQ,ASBI,9/11/1989,0.04227
NASDAQ,ASBI,6/12/1989,0.04227
NASDAQ,ASBI,3/13/1989,0.04227
NASDAQ,ASBI,12/12/1988,0.03318
NASDAQ,ASBI,9/12/1988,0.03318
NASDAQ,ASBI,6/13/1988,0.03318
NASDAQ,ASBI,3/14/1988,0.03318
NASDAQ,ASBI,12/14/1987,0.03318
NASDAQ,ALOG,12/14/2009,0.1
NASDAQ,ALOG,10/1/2009,0.1
NASDAQ,ALOG,6/12/2009,0.1
NASDAQ,ALOG,3/13/2009,0.1
NASDAQ,ALOG,12/16/2008,0.1
NASDAQ,ALOG,10/2/2008,0.1
NASDAQ,ALOG,6/13/2008,0.1
NASDAQ,ALOG,3/14/2008,0.1
NASDAQ,ALOG,12/14/2007,0.1
NASDAQ,ALOG,10/2/2007,0.1
NASDAQ,ALOG,6/15/2007,0.1
NASDAQ,ALOG,3/16/2007,0.1
NASDAQ,ALOG,12/19/2006,0.1
NASDAQ,ALOG,10/2/2006,0.1
NASDAQ,ALOG,6/15/2006,0.1
NASDAQ,ALOG,3/17/2006,0.1
NASDAQ,ALOG,12/16/2005,0.1
NASDAQ,ALOG,9/30/2005,0.08
NASDAQ,ALOG,6/14/2005,0.08
NASDAQ,ALOG,3/18/2005,0.08
NASDAQ,ALOG,12/17/2004,0.08
NASDAQ,ALOG,10/20/2004,0.08
NASDAQ,ALOG,6/18/2004,0.08
NASDAQ,ALOG,3/23/2004,0.08
NASDAQ,ALOG,12/18/2003,0.08
NASDAQ,ALOG,10/24/2003,0.08
NASDAQ,ALOG,6/23/2003,0.08
NASDAQ,ALOG,3/21/2003,0.08
NASDAQ,ALOG,12/20/2002,0.08
NASDAQ,ALOG,10/25/2002,0.08
NASDAQ,ALOG,6/21/2002,0.07
NASDAQ,ALOG,3/27/2002,0.07
NASDAQ,ALOG,12/21/2001,0.07
NASDAQ,ALOG,10/23/2001,0.07
NASDAQ,ALOG,6/22/2001,0.07
NASDAQ,ALOG,3/27/2001,0.07
NASDAQ,ALOG,12/21/2000,0.07
NASDAQ,ALOG,10/25/2000,0.07
NASDAQ,ALOG,6/22/2000,0.07
NASDAQ,ALOG,3/28/2000,0.07
NASDAQ,ALOG,2/9/2000,0.07
NASDAQ,ALOG,10/19/1999,0.07
NASDAQ,ALOG,6/23/1999,0.07
NASDAQ,ALOG,3/24/1999,0.07
NASDAQ,ALOG,2/3/1999,0.07
NASDAQ,ALOG,10/21/1998,0.06
NASDAQ,ALOG,6/24/1998,0.06
NASDAQ,ALOG,3/25/1998,0.06
NASDAQ,ALOG,2/4/1998,0.06
NASDAQ,ALOG,10/21/1997,0.05
NASDAQ,ALOG,6/24/1997,0.05
NASDAQ,ALOG,4/2/1997,0.05
NASDAQ,ALOG,2/5/1997,0.05
NASDAQ,ALOG,10/18/1996,0.05
NASDAQ,ALOG,6/24/1996,0.05
NASDAQ,ALOG,3/27/1996,0.05
NASDAQ,ALUS,7/9/2009,0.3
NASDAQ,ANAT,12/2/2009,0.77
NASDAQ,ANAT,9/2/2009,0.77
NASDAQ,ANAT,6/3/2009,0.77
NASDAQ,ANAT,3/4/2009,0.77
NASDAQ,ANAT,12/3/2008,0.77
NASDAQ,ANAT,9/3/2008,0.77
NASDAQ,ANAT,6/4/2008,0.77
NASDAQ,ANAT,3/5/2008,0.77
NASDAQ,ANAT,12/5/2007,0.77
NASDAQ,ANAT,9/5/2007,0.76
NASDAQ,ANAT,5/30/2007,0.76
NASDAQ,ANAT,2/28/2007,0.76
NASDAQ,ANAT,11/29/2006,0.76
NASDAQ,ANAT,8/30/2006,0.75
NASDAQ,ANAT,5/31/2006,0.75
NASDAQ,ANAT,3/1/2006,0.75
NASDAQ,ANAT,11/30/2005,0.75
NASDAQ,ANAT,8/31/2005,0.74
NASDAQ,ANAT,6/1/2005,0.74
NASDAQ,ANAT,3/2/2005,0.74
NASDAQ,ANAT,12/1/2004,0.74
NASDAQ,ANAT,9/1/2004,0.74
NASDAQ,ANAT,6/2/2004,0.74
NASDAQ,ANAT,3/3/2004,0.74
NASDAQ,ANAT,12/3/2003,0.74
NASDAQ,ANAT,9/3/2003,0.74
NASDAQ,ANAT,6/4/2003,0.74
NASDAQ,ANAT,3/5/2003,0.74
NASDAQ,ANAT,12/4/2002,0.74
NASDAQ,ANAT,9/4/2002,0.74
NASDAQ,ANAT,6/5/2002,0.74
NASDAQ,ANAT,2/27/2002,0.74
NASDAQ,ANAT,12/5/2001,0.74
NASDAQ,ANAT,9/5/2001,0.73
NASDAQ,ANAT,5/30/2001,0.73
NASDAQ,ANAT,2/28/2001,0.73
NASDAQ,ANAT,11/29/2000,0.73
NASDAQ,ANAT,8/30/2000,0.71
NASDAQ,ANAT,5/31/2000,0.71
NASDAQ,ANAT,3/1/2000,0.71
NASDAQ,ANAT,12/1/1999,0.71
NASDAQ,ANAT,9/1/1999,0.69
NASDAQ,ANAT,6/2/1999,0.69
NASDAQ,ANAT,3/3/1999,0.69
NASDAQ,ANAT,12/2/1998,0.69
NASDAQ,ANAT,9/2/1998,0.67
NASDAQ,ANAT,6/1/1998,0.67
NASDAQ,ANAT,3/4/1998,0.67
NASDAQ,ANAT,12/3/1997,0.67
NASDAQ,ANAT,9/3/1997,0.65
NASDAQ,ANAT,6/4/1997,0.65
NASDAQ,ANAT,3/5/1997,0.65
NASDAQ,ANAT,12/4/1996,0.65
NASDAQ,ANAT,9/4/1996,0.63
NASDAQ,ANAT,6/5/1996,0.63
NASDAQ,ANAT,3/1/1996,0.63
NASDAQ,ANAT,11/29/1995,0.63
NASDAQ,ANAT,8/30/1995,0.59
NASDAQ,ANAT,5/26/1995,0.59
NASDAQ,ANAT,2/27/1995,0.59
NASDAQ,ANAT,11/28/1994,0.59
NASDAQ,ANAT,8/29/1994,0.55
NASDAQ,ANAT,5/27/1994,0.55
NASDAQ,ANAT,2/28/1994,0.55
NASDAQ,ANAT,11/29/1993,0.55
NASDAQ,ANAT,8/30/1993,0.51
NASDAQ,ANAT,5/28/1993,0.51
NASDAQ,ANAT,3/1/1993,0.51
NASDAQ,ANAT,11/30/1992,0.51
NASDAQ,ANAT,8/31/1992,0.47
NASDAQ,ANAT,6/1/1992,0.47
NASDAQ,ANAT,3/2/1992,0.47
NASDAQ,AMIE,5/17/2007,0.1
NASDAQ,AMIE,3/8/2007,0.1
NASDAQ,AMIE,11/10/2006,0.1
NASDAQ,AMIE,8/14/2006,0.1
NASDAQ,AMIE,5/18/2006,0.1
NASDAQ,AMIE,2/15/2006,0.1
NASDAQ,AMIE,11/16/2005,0.1
NASDAQ,AMIE,8/23/2005,0.1
NASDAQ,AMIE,5/26/2005,0.1
NASDAQ,AMIE,2/24/2005,0.1
NASDAQ,AMIE,11/26/2004,0.1
NASDAQ,AMIE,8/26/2004,0.1
NASDAQ,AMIE,5/27/2004,0.1
NASDAQ,AMIE,3/5/2004,0.1
NASDAQ,AMIE,11/20/2003,0.1
NASDAQ,AMIE,9/15/2003,0.1
NASDAQ,AMIE,3/1/2002,12
NASDAQ,AMIE,2/26/2001,0.53
NASDAQ,ABCW,10/30/2008,0.01
NASDAQ,ABCW,7/30/2008,0.1
NASDAQ,ABCW,4/28/2008,0.18
NASDAQ,ABCW,1/29/2008,0.18
NASDAQ,ABCW,10/30/2007,0.18
NASDAQ,ABCW,7/30/2007,0.18
NASDAQ,ABCW,4/26/2007,0.17
NASDAQ,ABCW,1/29/2007,0.17
NASDAQ,ABCW,10/30/2006,0.17
NASDAQ,ABCW,7/28/2006,0.17
NASDAQ,ABCW,4/26/2006,0.16
NASDAQ,ABCW,1/27/2006,0.16
NASDAQ,ABCW,10/28/2005,0.16
NASDAQ,ABCW,7/28/2005,0.16
NASDAQ,ABCW,4/26/2005,0.135
NASDAQ,ABCW,1/27/2005,0.125
NASDAQ,ABCW,10/28/2004,0.125
NASDAQ,ABCW,7/28/2004,0.125
NASDAQ,ABCW,4/27/2004,0.11
NASDAQ,ABCW,1/28/2004,0.11
NASDAQ,ABCW,10/29/2003,0.11
NASDAQ,ABCW,7/30/2003,0.11
NASDAQ,ABCW,4/29/2003,0.1
NASDAQ,ABCW,1/29/2003,0.1
NASDAQ,ABCW,10/30/2002,0.09
NASDAQ,ABCW,7/30/2002,0.09
NASDAQ,ABCW,4/29/2002,0.083
NASDAQ,ABCW,1/30/2002,0.083
NASDAQ,ABCW,10/30/2001,0.083
NASDAQ,ABCW,7/30/2001,0.083
NASDAQ,ABCW,4/27/2001,0.075
NASDAQ,ABCW,1/30/2001,0.075
NASDAQ,ABCW,10/30/2000,0.075
NASDAQ,ABCW,7/28/2000,0.075
NASDAQ,ABCW,4/27/2000,0.07
NASDAQ,ABCW,1/28/2000,0.07
NASDAQ,ABCW,10/28/1999,0.065
NASDAQ,ABCW,7/28/1999,0.065
NASDAQ,ABCW,4/28/1999,0.05
NASDAQ,ABCW,1/28/1999,0.05
NASDAQ,ABCW,10/28/1998,0.05
NASDAQ,ABCW,7/29/1998,0.05
NASDAQ,ABCW,4/29/1998,0.045
NASDAQ,ABCW,1/28/1998,0.04
NASDAQ,ABCW,10/29/1997,0.04
NASDAQ,ABCW,7/30/1997,0.04
NASDAQ,ABCW,4/29/1997,0.035
NASDAQ,ABCW,1/29/1997,0.03125
NASDAQ,ABCW,10/30/1996,0.03125
NASDAQ,ABCW,7/30/1996,0.03125
NASDAQ,ABCW,4/29/1996,0.025
NASDAQ,ABCW,1/30/1996,0.02
NASDAQ,ABCW,7/28/1995,0.02
NASDAQ,ABCW,4/25/1995,0.02
NASDAQ,ABCW,1/26/1995,0.012
NASDAQ,ABCW,10/26/1994,0.012
NASDAQ,ABCW,7/26/1994,0.012
NASDAQ,ABCW,4/26/1994,0.012
NASDAQ,ABCW,1/26/1994,0.012
NASDAQ,ABCW,10/26/1993,0.012
NASDAQ,ARTNA,2/3/2010,0.187
NASDAQ,ARTNA,11/6/2009,0.187
NASDAQ,ARTNA,8/5/2009,0.178
NASDAQ,ARTNA,5/7/2009,0.178
NASDAQ,ARTNA,2/4/2009,0.178
NASDAQ,ARTNA,11/7/2008,0.178
NASDAQ,ARTNA,8/7/2008,0.178
NASDAQ,ARTNA,5/8/2008,0.178
NASDAQ,ARTNA,2/6/2008,0.172
NASDAQ,ARTNA,11/6/2007,0.172
NASDAQ,ARTNA,8/8/2007,0.166
NASDAQ,ARTNA,5/8/2007,0.166
NASDAQ,ARTNA,2/7/2007,0.16
NASDAQ,ARTNA,11/8/2006,0.16
NASDAQ,ARTNA,8/8/2006,0.152
NASDAQ,ARTNA,5/8/2006,0.15267
NASDAQ,ARTNA,2/9/2006,0.14867
NASDAQ,ARTNA,11/8/2005,0.14867
NASDAQ,ARTNA,8/11/2005,0.14533
NASDAQ,ARTNA,5/12/2005,0.14533
NASDAQ,ARTNA,2/10/2005,0.142
NASDAQ,ARTNA,11/8/2004,0.142
NASDAQ,ARTNA,8/5/2004,0.13867
NASDAQ,ARTNA,5/6/2004,0.13867
NASDAQ,ARTNA,2/5/2004,0.13533
NASDAQ,ARTNA,11/6/2003,0.13533
NASDAQ,ARTNA,8/7/2003,0.132
NASDAQ,ARTNA,5/8/2003,0.13245
NASDAQ,ARTNA,2/6/2003,0.13245
NASDAQ,ARTNA,11/6/2002,0.12889
NASDAQ,ARTNA,8/8/2002,0.12889
NASDAQ,ARTNA,5/10/2002,0.12889
NASDAQ,ARTNA,2/8/2002,0.12889
NASDAQ,ARTNA,11/7/2001,0.12445
NASDAQ,ARTNA,8/8/2001,0.12445
NASDAQ,ARTNA,5/10/2001,0.12222
NASDAQ,ARTNA,2/8/2001,0.12222
NASDAQ,ARTNA,11/6/2000,0.12222
NASDAQ,ARTNA,8/7/2000,0.12222
NASDAQ,ARTNA,5/8/2000,0.12222
NASDAQ,ARTNA,2/7/2000,0.12
NASDAQ,ARTNA,11/4/1999,0.12
NASDAQ,ARTNA,8/5/1999,0.12
NASDAQ,ARTNA,5/5/1999,0.11555
NASDAQ,ARTNA,2/8/1999,0.11555
NASDAQ,ARTNA,11/9/1998,0.11333
NASDAQ,ARTNA,8/10/1998,0.11333
NASDAQ,ARTNA,5/7/1998,0.10222
NASDAQ,ARTNA,2/10/1998,0.10222
NASDAQ,ARTNA,11/7/1997,0.10222
NASDAQ,ARTNA,8/8/1997,0.10222
NASDAQ,ARTNA,5/12/1997,0.10222
NASDAQ,ARTNA,2/10/1997,0.10222
NASDAQ,ARTNA,11/6/1996,0.10222
NASDAQ,ARTNA,8/7/1996,0.02578
NASDAQ,AHPI,6/26/1996,0.07
NASDAQ,AHPI,3/27/1996,0.07
NASDAQ,AHPI,12/27/1995,0.07
NASDAQ,AHPI,6/28/1995,0.07
NASDAQ,AHPI,3/27/1995,0.07
NASDAQ,AHPI,12/23/1994,0.07
NASDAQ,AHPI,9/26/1994,0.06
NASDAQ,AHPI,6/24/1994,0.06
NASDAQ,AHPI,3/25/1994,0.06
NASDAQ,AHPI,12/27/1993,0.06
NASDAQ,AHPI,9/24/1993,0.06
NASDAQ,AHPI,6/24/1993,0.06
NASDAQ,AHPI,3/25/1993,0.06
NASDAQ,AMAT,11/9/2009,0.06
NASDAQ,AMAT,8/11/2009,0.06
NASDAQ,AMAT,5/12/2009,0.06
NASDAQ,AMAT,2/10/2009,0.06
NASDAQ,AMAT,11/10/2008,0.06
NASDAQ,AMAT,8/12/2008,0.06
NASDAQ,AMAT,5/13/2008,0.06
NASDAQ,AMAT,2/12/2008,0.06
NASDAQ,AMAT,11/13/2007,0.06
NASDAQ,AMAT,8/14/2007,0.06
NASDAQ,AMAT,5/15/2007,0.06
NASDAQ,AMAT,2/13/2007,0.05
NASDAQ,AMAT,11/14/2006,0.05
NASDAQ,AMAT,8/15/2006,0.05
NASDAQ,AMAT,5/16/2006,0.05
NASDAQ,AMAT,2/14/2006,0.03
NASDAQ,AMAT,11/15/2005,0.03
NASDAQ,AMAT,8/15/2005,0.03
NASDAQ,AMAT,5/16/2005,0.03
NASDAQ,ATAX,12/29/2009,0.125
NASDAQ,ATAX,9/28/2009,0.16
NASDAQ,ATAX,6/26/2009,0.125
NASDAQ,ATAX,3/27/2009,0.135
NASDAQ,ATAX,12/29/2008,0.135
NASDAQ,ATAX,9/26/2008,0.135
NASDAQ,ATAX,6/26/2008,0.135
NASDAQ,ATAX,3/27/2008,0.135
NASDAQ,ATAX,12/27/2007,0.135
NASDAQ,ATAX,9/26/2007,0.135
NASDAQ,ATAX,6/27/2007,0.135
NASDAQ,ATAX,3/28/2007,0.135
NASDAQ,ATAX,1/3/2007,0.135
NASDAQ,ATAX,9/27/2006,0.135
NASDAQ,ATAX,6/28/2006,0.135
NASDAQ,ATAX,5/1/2006,0.135
NASDAQ,ATAX,12/28/2005,0.135
NASDAQ,ATAX,9/28/2005,0.135
NASDAQ,ATAX,6/28/2005,0.135
NASDAQ,ATAX,3/29/2005,0.135
NASDAQ,ATAX,12/29/2004,0.135
NASDAQ,ATAX,9/28/2004,0.135
NASDAQ,ATAX,6/28/2004,0.135
NASDAQ,ATAX,3/29/2004,0.135
NASDAQ,ATAX,12/29/2003,0.135
NASDAQ,ATAX,9/26/2003,0.135
NASDAQ,ATAX,6/26/2003,0.135
NASDAQ,ATAX,3/27/2003,0.135
NASDAQ,ATAX,12/27/2002,0.135
NASDAQ,ATAX,9/26/2002,0.135
NASDAQ,ATAX,6/26/2002,0.135
NASDAQ,ATAX,3/26/2002,0.135
NASDAQ,ATAX,12/27/2001,0.135
NASDAQ,ATAX,9/26/2001,0.135
NASDAQ,ATAX,6/27/2001,0.135
NASDAQ,ATAX,3/28/2001,0.135
NASDAQ,ATAX,12/27/2000,0.135
NASDAQ,ATAX,9/27/2000,0.135
NASDAQ,ATAX,6/28/2000,0.135
NASDAQ,ATAX,3/29/2000,0.135
NASDAQ,ATAX,11/26/1999,0.045
NASDAQ,ATAX,10/27/1999,0.045
NASDAQ,ATAX,10/1/1999,0.045
NASDAQ,ATAX,9/2/1999,0.045
NASDAQ,ATAX,8/3/1999,0.045
NASDAQ,ATAX,7/2/1999,0.045
NASDAQ,ATAX,6/1/1999,0.045
NASDAQ,ATAX,5/4/1999,0.045
NASDAQ,ATAX,4/5/1999,0.045
NASDAQ,ATAX,3/3/1999,0.045
NASDAQ,ATAX,2/3/1999,0.045
NASDAQ,ATAX,12/29/1998,0.045
NASDAQ,ATAX,11/25/1998,0.045
NASDAQ,ATAX,10/28/1998,0.045
NASDAQ,ATAX,9/28/1998,0.045
NASDAQ,ATAX,8/27/1998,0.045
NASDAQ,ATAX,7/29/1998,0.045
NASDAQ,ATAX,6/26/1998,0.045
NASDAQ,ATAX,5/27/1998,0.045
NASDAQ,ATAX,4/28/1998,0.045
NASDAQ,ATAX,3/27/1998,0.045
NASDAQ,ATAX,2/25/1998,0.045
NASDAQ,ATAX,1/28/1998,0.045
NASDAQ,ATAX,12/29/1997,0.045
NASDAQ,ATAX,11/25/1997,0.045
NASDAQ,ATAX,10/29/1997,0.045
NASDAQ,ATAX,9/26/1997,0.045
NASDAQ,ATAX,8/27/1997,0.045
NASDAQ,ATAX,7/29/1997,0.045
NASDAQ,ATAX,6/26/1997,0.045
NASDAQ,ATAX,5/28/1997,0.045
NASDAQ,ATAX,4/28/1997,0.045
NASDAQ,ATAX,3/26/1997,0.045
NASDAQ,ATAX,2/26/1997,0.045
NASDAQ,ATAX,1/29/1997,0.045
NASDAQ,ATAX,11/26/1996,0.045
NASDAQ,ATAX,10/29/1996,0.045
NASDAQ,ATAX,9/26/1996,0.045
NASDAQ,ATAX,8/28/1996,0.045
NASDAQ,ATAX,7/29/1996,0.045
NASDAQ,ATAX,6/26/1996,0.045
NASDAQ,ATAX,5/30/1996,0.045
NASDAQ,ATAX,5/29/1996,0.135
NASDAQ,ATAX,4/26/1996,0.135
NASDAQ,ATAX,3/27/1996,0.135
NASDAQ,ATAX,2/27/1996,0.135
NASDAQ,ATAX,1/29/1996,0.135
NASDAQ,ATAX,12/27/1995,0.045
NASDAQ,ATAX,11/28/1995,0.045
NASDAQ,ATAX,10/27/1995,0.045
NASDAQ,ATAX,9/27/1995,0.045
NASDAQ,ATAX,8/29/1995,0.045
NASDAQ,ATAX,7/27/1995,0.045
NASDAQ,ATAX,6/28/1995,0.045
NASDAQ,ATAX,5/24/1995,0.045
NASDAQ,ATAX,4/24/1995,0.045
NASDAQ,ATAX,3/27/1995,0.045
NASDAQ,ATAX,2/22/1995,0.045
NASDAQ,ATAX,1/25/1995,0.045
NASDAQ,ATAX,1/17/1995,0.045
NASDAQ,ATAX,11/23/1994,0.045
NASDAQ,ATAX,10/25/1994,0.045
NASDAQ,ATAX,9/26/1994,0.045
NASDAQ,ATAX,8/25/1994,0.045
NASDAQ,ATAX,7/25/1994,0.045
NASDAQ,ATAX,6/24/1994,0.045
NASDAQ,ATAX,5/24/1994,0.045
NASDAQ,ATAX,4/25/1994,0.045
NASDAQ,ATAX,3/25/1994,0.045
NASDAQ,ATAX,2/22/1994,0.045
NASDAQ,ATAX,1/25/1994,0.045
NASDAQ,ATAX,12/27/1993,0.045
NASDAQ,ATAX,11/23/1993,0.045
NASDAQ,ATAX,10/25/1993,0.045
NASDAQ,ATAX,9/24/1993,0.048
NASDAQ,ATAX,8/25/1993,0.044
NASDAQ,ATAX,7/26/1993,0.045
NASDAQ,ATAX,6/24/1993,0.044
NASDAQ,ATAX,5/24/1993,0.084
NASDAQ,ATAX,4/26/1993,0.084
NASDAQ,ATAX,3/25/1993,0.084
NASDAQ,ATAX,2/22/1993,0.084
NASDAQ,ATAX,1/25/1993,0.084
NASDAQ,ATAX,12/24/1992,0.084
NASDAQ,ATAX,11/23/1992,0.084
NASDAQ,ATAX,10/26/1992,0.084
NASDAQ,ATAX,9/24/1992,0.084
NASDAQ,ATAX,8/25/1992,0.084
NASDAQ,ATAX,7/27/1992,0.084
NASDAQ,ATAX,6/24/1992,0.084
NASDAQ,ATAX,5/22/1992,0.084
NASDAQ,ATAX,4/24/1992,0.084
NASDAQ,ATAX,3/26/1992,0.084
NASDAQ,ATAX,2/24/1992,0.084
NASDAQ,ATAX,1/27/1992,0.084
NASDAQ,ATAX,12/24/1991,0.084
NASDAQ,ATAX,11/22/1991,0.084
NASDAQ,ATAX,10/25/1991,0.084
NASDAQ,ATAX,9/24/1991,0.084
NASDAQ,ATAX,8/26/1991,0.084
NASDAQ,ATAX,7/25/1991,0.084
NASDAQ,ATAX,6/24/1991,0.084
NASDAQ,ATAX,5/24/1991,0.084
NASDAQ,ATAX,4/24/1991,0.084
NASDAQ,ATAX,3/22/1991,0.084
NASDAQ,ATAX,2/22/1991,0.084
NASDAQ,ATAX,1/25/1991,0.084
NASDAQ,ATAX,12/24/1990,0.084
NASDAQ,ATAX,11/26/1990,0.084
NASDAQ,ATAX,10/25/1990,0.084
NASDAQ,ATAX,9/24/1990,0.084
NASDAQ,ATAX,8/27/1990,0.084
NASDAQ,ATAX,7/25/1990,0.084
NASDAQ,ATAX,6/25/1990,0.084
NASDAQ,ATAX,5/24/1990,0.084
NASDAQ,ATAX,4/24/1990,0.084
NASDAQ,ATAX,3/26/1990,0.084
NASDAQ,ATAX,2/22/1990,0.084
NASDAQ,ATAX,1/25/1990,0.084
NASDAQ,ATAX,12/22/1989,0.108
NASDAQ,ATAX,11/24/1989,0.132
NASDAQ,ATAX,10/25/1989,0.107
NASDAQ,ATAX,9/25/1989,0.107
NASDAQ,ATAX,8/25/1989,0.105
NASDAQ,ATAX,7/25/1989,0.105
NASDAQ,ATAX,6/26/1989,0.106
NASDAQ,ATAX,5/25/1989,0.106
NASDAQ,ATAX,4/24/1989,0.106
NASDAQ,ATAX,3/27/1989,0.106
NASDAQ,ATAX,2/22/1989,0.106
NASDAQ,ATAX,1/25/1989,0.106
NASDAQ,ATAX,12/23/1988,0.106
NASDAQ,ATAX,11/23/1988,0.142
NASDAQ,ATAX,10/25/1988,0.142
NASDAQ,ATAX,9/26/1988,0.142
NASDAQ,ATAX,8/25/1988,0.142
NASDAQ,ATAX,7/25/1988,0.142
NASDAQ,ATAX,6/24/1988,0.142
NASDAQ,ATAX,5/24/1988,0.142
NASDAQ,ATAX,4/25/1988,0.142
NASDAQ,ATAX,3/25/1988,0.142
NASDAQ,ATAX,2/23/1988,0.142
NASDAQ,ATAX,1/25/1988,0.142
NASDAQ,ATAX,12/24/1987,0.142
NASDAQ,ATAX,11/23/1987,0.142
NASDAQ,ATAX,10/26/1987,0.137
NASDAQ,ATAX,9/24/1987,0.135
NASDAQ,ATAX,8/25/1987,0.139
NASDAQ,ATAX,7/27/1987,0.137
NASDAQ,ATAX,7/7/1987,0.139
NASDAQ,ATAX,5/22/1987,0.138
NASDAQ,ATAX,4/24/1987,0.131
NASDAQ,ATAX,3/25/1987,0.133
NASDAQ,ATAX,2/23/1987,0.142
NASDAQ,ATAX,1/26/1987,0.142
NASDAQ,ATAX,12/24/1986,0.142
NASDAQ,ATAX,11/21/1986,0.142
NASDAQ,ATAX,10/27/1986,0.142
NASDAQ,ATAX,9/24/1986,0.142
NASDAQ,ATAX,8/25/1986,0.142
NASDAQ,ATAX,7/25/1986,0.142
NASDAQ,ATAX,6/24/1986,0.142
NASDAQ,ATAX,5/23/1986,0.142
NASDAQ,ATAX,4/24/1986,0.142
NASDAQ,AIPC,5/18/2005,0.188
NASDAQ,AIPC,2/17/2005,0.188
NASDAQ,AIPC,11/18/2004,0.188
NASDAQ,AIPC,7/1/2004,0.188
NASDAQ,AIPC,3/17/2004,0.188
NASDAQ,ATRI,11/27/2009,0.36
NASDAQ,ATRI,9/11/2009,0.36
NASDAQ,ATRI,6/11/2009,0.3
NASDAQ,ATRI,3/12/2009,0.3
NASDAQ,ATRI,11/26/2008,0.3
NASDAQ,ATRI,9/11/2008,0.3
NASDAQ,ATRI,6/12/2008,0.24
NASDAQ,ATRI,3/13/2008,0.24
NASDAQ,ATRI,11/29/2007,0.24
NASDAQ,ATRI,9/12/2007,0.24
NASDAQ,ATRI,6/13/2007,0.2
NASDAQ,ATRI,3/13/2007,0.2
NASDAQ,ATRI,11/29/2006,0.2
NASDAQ,ATRI,9/13/2006,0.2
NASDAQ,ATRI,6/13/2006,0.17
NASDAQ,ATRI,3/13/2006,0.17
NASDAQ,ATRI,11/29/2005,0.17
NASDAQ,ATRI,9/13/2005,0.17
NASDAQ,ATRI,6/13/2005,0.14
NASDAQ,ATRI,3/11/2005,0.14
NASDAQ,ATRI,11/29/2004,0.14
NASDAQ,ATRI,9/13/2004,0.14
NASDAQ,ATRI,6/14/2004,0.12
NASDAQ,ATRI,3/11/2004,0.12
NASDAQ,ATRI,11/26/2003,0.12
NASDAQ,ATRI,9/11/2003,0.12
NASDAQ,ATRI,11/20/1997,0.2
NASDAQ,ATRI,8/20/1997,0.2
NASDAQ,ATRI,5/16/1997,0.2
NASDAQ,ATRI,2/18/1997,0.2
NASDAQ,ATRI,11/18/1996,0.2
NASDAQ,ATRI,8/20/1996,0.2
NASDAQ,ATRI,5/20/1996,0.2
NASDAQ,ATRI,2/21/1996,0.2
NASDAQ,ATRI,11/13/1995,0.2
NASDAQ,ATRI,8/17/1995,0.2
NASDAQ,ATRI,5/9/1995,0.2
NASDAQ,ATRI,2/13/1995,0.2
NASDAQ,ATRI,11/14/1994,0.2
NASDAQ,ATRI,8/8/1994,0.2
NASDAQ,ATRI,5/10/1994,0.2
NASDAQ,ATRI,2/15/1994,0.2
NASDAQ,ATRI,8/11/1993,0.2
NASDAQ,ATRI,5/11/1993,0.2
NASDAQ,ATRI,2/16/1993,0.2
NASDAQ,ATRI,11/13/1992,0.2
NASDAQ,ATRI,8/10/1992,0.2
NASDAQ,ATRI,5/14/1992,0.2
NASDAQ,ATRI,2/10/1992,0.18333
NASDAQ,ATRI,11/13/1991,0.18333
NASDAQ,ATRI,8/9/1991,0.18333
NASDAQ,ATRI,5/14/1991,0.18333
NASDAQ,ATRI,2/11/1991,0.18333
NASDAQ,ATRI,11/13/1990,0.18333
NASDAQ,ATRI,8/9/1990,0.18333
NASDAQ,ATRI,5/14/1990,0.18333
NASDAQ,ADBE,3/24/2005,0.0065
NASDAQ,ADBE,12/23/2004,0.0065
NASDAQ,ADBE,9/24/2004,0.0065
NASDAQ,ADBE,6/25/2004,0.0065
NASDAQ,ADBE,3/26/2004,0.0065
NASDAQ,ADBE,1/7/2004,0.0065
NASDAQ,ADBE,9/19/2003,0.0065
NASDAQ,ADBE,6/19/2003,0.0065
NASDAQ,ADBE,3/20/2003,0.0065
NASDAQ,ADBE,1/7/2003,0.0065
NASDAQ,ADBE,9/20/2002,0.0065
NASDAQ,ADBE,6/21/2002,0.0065
NASDAQ,ADBE,3/21/2002,0.0065
NASDAQ,ADBE,12/31/2001,0.0065
NASDAQ,ADBE,9/21/2001,0.0065
NASDAQ,ADBE,6/22/2001,0.0065
NASDAQ,ADBE,3/22/2001,0.0065
NASDAQ,ADBE,1/2/2001,0.0065
NASDAQ,ADBE,9/28/2000,0.00625
NASDAQ,ADBE,6/30/2000,0.00625
NASDAQ,ADBE,3/23/2000,0.00625
NASDAQ,ADBE,12/23/1999,0.00625
NASDAQ,ADBE,9/24/1999,0.00625
NASDAQ,ADBE,6/29/1999,0.00625
NASDAQ,ADBE,3/29/1999,0.00625
NASDAQ,ADBE,12/23/1998,0.00625
NASDAQ,ADBE,9/21/1998,0.00625
NASDAQ,ADBE,7/1/1998,0.00225
NASDAQ,ADBE,4/1/1998,0.00225
NASDAQ,ADBE,12/30/1997,0.00225
NASDAQ,ADBE,9/29/1997,0.00625
NASDAQ,ADBE,7/29/1997,0.00625
NASDAQ,ADBE,7/2/1997,0.00625
NASDAQ,ADBE,3/27/1997,0.00625
NASDAQ,ADBE,1/14/1997,0.00625
NASDAQ,ADBE,9/30/1996,0.00625
NASDAQ,ADBE,7/3/1996,0.00625
NASDAQ,ADBE,4/2/1996,0.00625
NASDAQ,ADBE,1/17/1996,0.00625
NASDAQ,ADBE,10/4/1995,0.00625
NASDAQ,ADBE,7/5/1995,0.00625
NASDAQ,ADBE,3/31/1995,0.00625
NASDAQ,ADBE,1/12/1995,0.00625
NASDAQ,ADBE,9/29/1994,0.00625
NASDAQ,ADBE,6/30/1994,0.00625
NASDAQ,ADBE,3/28/1994,0.00625
NASDAQ,ADBE,1/21/1994,0.00625
NASDAQ,ADBE,10/1/1993,0.00625
NASDAQ,ADBE,6/23/1993,0.00625
NASDAQ,ADBE,3/26/1993,0.00625
NASDAQ,ADBE,1/19/1993,0.005
NASDAQ,ADBE,9/24/1992,0.005
NASDAQ,ADBE,6/23/1992,0.005
NASDAQ,ADBE,3/23/1992,0.005
NASDAQ,ADBE,1/9/1992,0.005
NASDAQ,ADBE,9/25/1991,0.005
NASDAQ,ADBE,6/26/1991,0.005
NASDAQ,ADBE,3/22/1991,0.005
NASDAQ,ADBE,7/2/1990,0.00375
NASDAQ,ADBE,3/26/1990,0.00375
NASDAQ,ADBE,1/8/1990,0.00313
NASDAQ,ARII,6/24/2009,0.03
NASDAQ,ARII,3/18/2009,0.03
NASDAQ,ARII,1/7/2009,0.03
NASDAQ,ARII,10/2/2008,0.03
NASDAQ,ARII,6/25/2008,0.03
NASDAQ,ARII,3/18/2008,0.03
NASDAQ,ARII,1/7/2008,0.03
NASDAQ,ARII,10/3/2007,0.03
NASDAQ,ARII,6/26/2007,0.03
NASDAQ,ARII,3/20/2007,0.03
NASDAQ,ARII,1/4/2007,0.03
NASDAQ,ARII,10/4/2006,0.03
NASDAQ,ARII,6/27/2006,0.03
NASDAQ,ARII,3/20/2006,0.03
NASDAQ,AMOT,8/23/1996,0.025
NASDAQ,AMOT,8/23/1995,0.025
NASDAQ,AMOT,8/22/1994,0.03
NASDAQ,AMOT,2/22/1994,0.027
NASDAQ,AMOT,8/23/1993,0.027
NASDAQ,AMPH,6/11/2009,0.3
NASDAQ,AMPH,6/17/2008,0.3
NASDAQ,AMPH,5/16/2007,0.3
NASDAQ,AMPH,6/15/2006,0.3
NASDAQ,AMPH,8/30/2005,0.25
NASDAQ,AMPH,8/30/2004,0.2
NASDAQ,ANDE,12/30/2009,0.088
NASDAQ,ANDE,9/29/2009,0.088
NASDAQ,ANDE,6/29/2009,0.088
NASDAQ,ANDE,3/30/2009,0.088
NASDAQ,ANDE,12/30/2008,0.085
NASDAQ,ANDE,9/29/2008,0.085
NASDAQ,ANDE,6/27/2008,0.085
NASDAQ,ANDE,3/28/2008,0.078
NASDAQ,ANDE,12/28/2007,0.078
NASDAQ,ANDE,9/27/2007,0.078
NASDAQ,ANDE,6/28/2007,0.048
NASDAQ,ANDE,3/29/2007,0.048
NASDAQ,ANDE,12/28/2006,0.048
NASDAQ,ANDE,9/28/2006,0.045
NASDAQ,ANDE,6/29/2006,0.045
NASDAQ,ANDE,3/30/2006,0.045
NASDAQ,ANDE,12/29/2005,0.0425
NASDAQ,ANDE,9/29/2005,0.0425
NASDAQ,ANDE,6/29/2005,0.0425
NASDAQ,ANDE,3/30/2005,0.04
NASDAQ,ANDE,12/30/2004,0.04
NASDAQ,ANDE,9/29/2004,0.04
NASDAQ,ANDE,6/29/2004,0.0375
NASDAQ,ANDE,3/30/2004,0.0375
NASDAQ,ANDE,12/30/2003,0.0375
NASDAQ,ANDE,9/29/2003,0.035
NASDAQ,ANDE,6/27/2003,0.035
NASDAQ,ANDE,3/28/2003,0.035
NASDAQ,ANDE,12/30/2002,0.035
NASDAQ,ANDE,9/27/2002,0.0325
NASDAQ,ANDE,6/27/2002,0.0325
NASDAQ,ANDE,3/27/2002,0.0325
NASDAQ,ANDE,12/28/2001,0.0325
NASDAQ,ANDE,9/27/2001,0.0325
NASDAQ,ANDE,6/28/2001,0.0325
NASDAQ,ANDE,3/29/2001,0.0325
NASDAQ,ANDE,12/28/2000,0.0325
NASDAQ,ANDE,9/28/2000,0.03
NASDAQ,ANDE,6/29/2000,0.03
NASDAQ,ANDE,3/30/2000,0.03
NASDAQ,ANDE,12/30/1999,0.03
NASDAQ,ANDE,9/29/1999,0.025
NASDAQ,ANDE,6/29/1999,0.025
NASDAQ,ANDE,3/30/1999,0.025
NASDAQ,ANDE,12/30/1998,0.025
NASDAQ,ANDE,9/29/1998,0.02
NASDAQ,ANDE,6/29/1998,0.015
NASDAQ,ANDE,3/30/1998,0.015
NASDAQ,ANDE,12/30/1997,0.015
NASDAQ,ANDE,9/29/1997,0.015
NASDAQ,ANDE,6/27/1997,0.015
NASDAQ,ANDE,3/27/1997,0.015
NASDAQ,ANDE,12/30/1996,0.015
NASDAQ,ADRU,12/18/2009,0.343
NASDAQ,ADRU,9/18/2009,0.185
NASDAQ,ADRU,6/19/2009,0.218
NASDAQ,ADRU,12/19/2008,0.175
NASDAQ,ADRU,9/19/2008,0.167
NASDAQ,ADRU,6/20/2008,0.474
NASDAQ,ADRU,3/20/2008,0.21
NASDAQ,ADRU,12/27/2007,1.477
NASDAQ,ADRU,12/21/2007,0.132
NASDAQ,ADRU,9/21/2007,0.162
NASDAQ,ADRU,6/15/2007,0.419
NASDAQ,ADRU,3/16/2007,0.135
NASDAQ,ADRU,12/15/2006,0.109
NASDAQ,ADRU,9/15/2006,0.147
NASDAQ,ADRU,6/16/2006,0.375
NASDAQ,ADRU,3/17/2006,0.11667
NASDAQ,ADRU,9/16/2005,0.13833
NASDAQ,ADRU,6/17/2005,0.26267
NASDAQ,ADRU,3/18/2005,0.14467
NASDAQ,ADRU,12/31/2004,0.02167
NASDAQ,ADRU,12/17/2004,0.07667
NASDAQ,ADRU,9/17/2004,0.10467
NASDAQ,ADRU,6/18/2004,0.19
NASDAQ,ADRU,3/19/2004,0.109
NASDAQ,ADRU,12/19/2003,0.04167
NASDAQ,ADRU,9/19/2003,0.089
NASDAQ,ADRU,6/20/2003,0.13633
NASDAQ,ADRU,3/21/2003,0.11133
NASDAQ,ADRU,12/20/2002,0.022
NASDAQ,ARCC,12/11/2009,0.35
NASDAQ,ARCC,9/11/2009,0.35
NASDAQ,ARCC,6/11/2009,0.35
NASDAQ,ARCC,3/12/2009,0.42
NASDAQ,ARCC,12/11/2008,0.42
NASDAQ,ARCC,9/11/2008,0.42
NASDAQ,ARCC,6/12/2008,0.42
NASDAQ,ARCC,3/13/2008,0.42
NASDAQ,ARCC,12/12/2007,0.42
NASDAQ,ARCC,9/12/2007,0.42
NASDAQ,ARCC,6/13/2007,0.41
NASDAQ,ARCC,3/15/2007,0.41
NASDAQ,ARCC,12/13/2006,0.5
NASDAQ,ARCC,9/13/2006,0.4
NASDAQ,ARCC,6/13/2006,0.38
NASDAQ,ARCC,3/22/2006,0.36
NASDAQ,ARCC,12/20/2005,0.34
NASDAQ,ARCC,9/14/2005,0.34
NASDAQ,ARCC,6/28/2005,0.32
NASDAQ,ARCC,3/3/2005,0.3
NASDAQ,ARCC,12/22/2004,0.3
NASDAQ,ADRE,12/31/2009,0.021
NASDAQ,ADRE,12/18/2009,0.257
NASDAQ,ADRE,9/18/2009,0.298
NASDAQ,ADRE,6/19/2009,0.275
NASDAQ,ADRE,3/20/2009,0.103
NASDAQ,ADRE,12/19/2008,0.172
NASDAQ,ADRE,9/19/2008,0.298
NASDAQ,ADRE,6/20/2008,0.403
NASDAQ,ADRE,3/20/2008,0.101
NASDAQ,ADRE,12/21/2007,0.158
NASDAQ,ADRE,9/21/2007,0.25
NASDAQ,ADRE,6/15/2007,0.388
NASDAQ,ADRE,3/16/2007,0.047
NASDAQ,ADRE,12/15/2006,0.124
NASDAQ,ADRE,9/15/2006,0.21
NASDAQ,ADRE,6/16/2006,0.189
NASDAQ,ADRE,3/17/2006,0.0665
NASDAQ,ADRE,12/16/2005,0.12875
NASDAQ,ADRE,9/16/2005,0.138
NASDAQ,ADRE,6/17/2005,0.24225
NASDAQ,ADRE,3/18/2005,0.0355
NASDAQ,ADRE,12/31/2004,0.0095
NASDAQ,ADRE,12/17/2004,0.0985
NASDAQ,ADRE,9/17/2004,0.0645
NASDAQ,ADRE,6/18/2004,0.149
NASDAQ,ADRE,3/19/2004,0.02275
NASDAQ,ADRE,12/19/2003,0.6485
NASDAQ,ADRE,9/19/2003,0.04675
NASDAQ,ADRE,6/20/2003,0.1215
NASDAQ,ADRE,3/21/2003,0.01975
NASDAQ,ADRE,12/31/2002,0.02775
NASDAQ,ADRE,12/20/2002,0.0135
NASDAQ,ARDNA,12/29/2009,0.25
NASDAQ,ARDNA,9/28/2009,0.25
NASDAQ,ARDNA,6/26/2009,0.25
NASDAQ,ARDNA,3/27/2009,0.25
NASDAQ,ARDNA,12/29/2008,0.25
NASDAQ,ARDNA,9/26/2008,0.25
NASDAQ,ARDNA,6/26/2008,0.25
NASDAQ,ARDNA,3/27/2008,0.25
NASDAQ,ARDNA,12/26/2007,0.25
NASDAQ,ARDNA,9/26/2007,0.25
NASDAQ,ARDNA,6/27/2007,0.25
NASDAQ,ARDNA,3/28/2007,0.25
NASDAQ,ARDNA,12/27/2006,0.25
NASDAQ,ARDNA,9/27/2006,0.25
NASDAQ,ARDNA,6/28/2006,0.25
NASDAQ,ARDNA,3/29/2006,0.25
NASDAQ,ARDNA,12/28/2005,0.25
NASDAQ,ARDNA,9/28/2005,0.25
NASDAQ,ARDNA,6/28/2005,0.25
NASDAQ,ARDNA,3/29/2005,0.25
NASDAQ,ARDNA,12/29/2004,0.25
NASDAQ,ARDNA,11/10/2004,20
NASDAQ,ARDNA,9/28/2004,0.25
NASDAQ,ARDNA,6/28/2004,0.25
NASDAQ,ARDNA,3/29/2004,0.25
NASDAQ,ARDNA,12/29/2003,0.25
NASDAQ,ARDNA,9/18/2003,0.25
